sequence,response,is_outlier
MSRLVAASWLLALLLCGITSTTTASAHIVMVDAYKPTKSAPAASSTDGTAAAAVSHYAMNGFDELAKGAVVPEDHFVCGPADKCYCSAWLHSRGTPGEKIGAQVCQWIAFSIAIALLTFYGFSAWKATCGWEEVYVCCVEVLFVTLEIFKEFSSPATVYLSTGNHAYCLRYFEWLLSCPVILIRLSNLSGLKNDYSKRTMGLIVSCVGMIVFGMAAGLATDWLKWLLYIVSCIYGGYMYFQAAKCYVEANHSVPKGHCRMVVKLMAYAYFASWGSYPILWAVGPEGLLKLSPYANSIGHSICDIIAKEFWTFLAHHLRIKIHEHILIHGDIRKTTKMEIGGEEVEVEEFVEEEDEDTV,-4.626935645431157,0
MSRRPWLLALALAVALAAGSAGAAHIVMVDAYKPTKSTGSDATVPVATQDGPDYVFHRAHERMLFQTSYTLENNGSVICIPNNGQCFCLAWLKSNGTNAEKLAANILQWITFALSALCLMFYGYQTWKSTCGWEEIYVATIEMIKFIIEYFHEFDEPAVIYSSNGNKTVWLRYAEWLLTCPVILIHLSNLTGLANDYNKRTMGLLVSDIGTIVWGTTAALSKGYVRVIFFLMGLCYGIYTFFNAAKVYIEAYHTVPKGRCRQVVTGMAWLFFVSWGMFPILFILGPEGFGVLSVYGSTVGHTIIDLMSKNCWGLLGHYLRVLIHEHILIHGDIRKTTKLNIGGTEIEVETLVEDEAEAGAV,-5.599110392902725,0
MGGAPAPDAHSAPPGNDSAAHIVMVDAYKPTKGGSEYHAPAGYQVNPPYHPVHGYEEQCSSIYIYYGALWEQETARGFQWFAVFLSALFLAFYGWHAYKASVGWEEVYVCSVELIKVILEIYFEFTSPAMLFLYGGNITPWLRYAEWLLTCPVILIHLSNITGLSEAYNKRTMALLVSDLGTICMGVTAALATGWVKWLFYCIGLVYGTQTFYNAGIIYVESYYIMPAGGCKKLVLAMTAVYYSSWLMFPGLFIFGPEGMHTLSVAGSTIGHTIADLLSKNIWGLLGHFLRIKIHEHIIMYGDIRRPVSSQFLGRKVDVLAFVTEEDKV,-5.7157882520247325,0
MSRRPWLLALALAVALAAGSAGAAHIVMVDAYKPTKSTGSDATVPVATQDGPDYVFHRAHERMLFQTSYTLENNGSVICIPNNGQCFCLAWLKSNGALWEQETARGFQWFAVFLSALFLAFYGWHAYKASVGWEEVYVCSVELIKVILEIYFEFTSPAMLFLYGGNITPWLRYAEWLLTCPVILIHLSNITGLSEAYNKRTMALLVSDLGTICMGVTAALATGWVKWLFYCIGLVYGTQTFYNAGIIYVESYYIMPAGGCKKLVLAMTAVYYSSWLMFPGLFIFGPEGMHTLSVAGSTIGHTIADLLSKNIWGLLGHFLRIKIHEHIIMYGDIRRPVSSQFLGRKVDVLAFVTEEDKV,-5.335352191963125,0
MSRRPWLLALALAVALAAGSAGAAHIVMVDAYKPTKSTGSDATVPVATQDGPDYVFHRAHERMLFQTSYTLENNGSVICIPNNGQCFCLAWLKSNGTPGEKIGAQVCQWIAFSIAIALLTFYGFSAWKATCGWEEVYVCCVEVLFVTLEIFKEFSSPATVYLSTGNHAYCLRYFEWLLSCPVILIRLSNLSGLKNDYSKRTMGLIVSCVGMIVFGMAAGLATDWLKWLLYIVSCIYGGYMYFQAAKCYVEANHSVPKGHCRMVVKLMAYAYFASWGSYPILWAVGPEGLLKLSPYANSIGHSICDIIAKEFWTFLAHHLRIKIHEHILIHGDIRKTTKMEIGGEEVEVEEFVEEEDEDTV,-4.187052068679792,0
MSRRPWLLALALAVALAAGSAGAAHIVMVDAYKPTKSTGSDATVPVATQDGPDYVFHRAHERMLFQTSYTLENNGSVICIPNNGQCFCLAWLKSNGALWEQETARGFQWFTFALSALCLMFYGYQTWKSTCGWEEIYVATIEMIKFIIEYFHEFDEPAVIYSSNGNKTVWLRYAEWLLTCPVILIHLSNLTGLANDYNKRTMGLLVSDIGTIVWGTTAALSKGYVRVIFFLMGLCYGIYTFFNAAKVYIEAYHTVPKGRCRQVVTGMAWLFFVSWGMFPILFILGPEGFGVLSVYGSTVGHTIIDLMSKNCWGLLGHYLRVLIHEHILIHGDIRKTTKLNIGGTEIEVETLVEDEAEAGAV,-6.732490772637745,0
MSRRPWLLALALAVALAAGSAGAAHIVMVDAYKPTKSTGSDATVPVATQDGPDYVFHRAHERMLFQTSYTLENNGSVICIPNNGQCFCLAWLKSNGTNAEKLAANILQWIAVFLSALFLAFYGWHAYKASVGWEEVYVCSVELIKVILEIYFEFTEPAVIYSSNGNKTVWLRYAEWLLTCPVILIHLSNLTGLANDYNKRTMGLLVSDIGTIVWGTTAALSKGYVRVIFFLMGLCYGIYTFFNAAKVYIEAYHTVPKGRCRQVVTGMAWLFFVSWGMFPILFILGPEGFGVLSVYGSTVGHTIIDLMSKNCWGLLGHYLRVLIHEHILIHGDIRKTTKLNIGGTEIEVETLVEDEAEAGAV,-7.135845590862672,0
MSRRPWLLALALAVALAAGSAGAAHIVMVDAYKPTKSTGSDATVPVATQDGPDYVFHRAHERMLFQTSYTLENNGSVICIPNNGQCFCLAWLKSNGTNAEKLAANILQWITFALSALCLMFYGYQTWKSTCGWEEIYVATIEMIKFIIEYFHEFDSPAMLFLYGGNITPWLRYAEWLLTCPVILIHLSNLTGLANDYNKRTMGLLVSDIGTIVWGTTAALSKGYVRVIFFLMGLCYGIYTFFNAAKVYIEAYHTVPKGRCRQVVTGMAWLFFVSWGMFPILFILGPEGFGVLSVYGSTVGHTIIDLMSKNCWGLLGHYLRVLIHEHILIHGDIRKTTKLNIGGTEIEVETLVEDEAEAGAV,-6.128408684508713,0
MSRRPWLLALALAVALAAGSAGAAHIVMVDAYKPTKSTGSDATVPVATQDGPDYVFHRAHERMLFQTSYTLENNGSVICIPNNGQCFCLAWLKSNGTNAEKLAANILQWITFALSALCLMFYGYQTWKSTCGWEEIYVATIEMIKFIIEYFHEFDEPAVIYSSNGNKTVWLRYAEWLLTCPVILIHLSNITGLSEAYNKRTMALLVSDIGTIVWGTTAALSKGYVRVIFFLMGLCYGIYTFFNAAKVYIEAYHTVPKGRCRQVVTGMAWLFFVSWGMFPILFILGPEGFGVLSVYGSTVGHTIIDLMSKNCWGLLGHYLRVLIHEHILIHGDIRKTTKLNIGGTEIEVETLVEDEAEAGAV,-5.319842748072733,0
MSRRPWLLALALAVALAAGSAGAAHIVMVDAYKPTKSTGSDATVPVATQDGPDYVFHRAHERMLFQTSYTLENNGSVICIPNNGQCFCLAWLKSNGTNAEKLAANILQWITFALSALCLMFYGYQTWKSTCGWEEIYVATIEMIKFIIEYFHEFDEPAVIYSSNGNKTVWLRYAEWLLTCPVILIHLSNLTGLANDYNKRTMGLLVSDLGTICMGVTAALATGWVKWLFYCIGLVYGTQTFYNAGIIYVEAYHTVPKGRCRQVVTGMAWLFFVSWGMFPILFILGPEGFGVLSVYGSTVGHTIIDLMSKNCWGLLGHYLRVLIHEHILIHGDIRKTTKLNIGGTEIEVETLVEDEAEAGAV,-5.0920670419749925,0
MSRRPWLLALALAVALAAGSAGAAHIVMVDAYKPTKSTGSDATVPVATQDGPDYVFHRAHERMLFQTSYTLENNGSVICIPNNGQCFCLAWLKSNGTNAEKLAANILQWITFALSALCLMFYGYQTWKSTCGWEEIYVATIEMIKFIIEYFHEFDEPAVIYSSNGNKTVWLRYAEWLLTCPVILIHLSNLTGLANDYNKRTMGLLVSDIGTIVWGTTAALSKGYVRVIFFLMGLCYGIYTFFNAAKVYIESYYIMPAGGCKKLVLAMTAVYYSSWGMFPILFILGPEGFGVLSVYGSTVGHTIIDLMSKNCWGLLGHYLRVLIHEHILIHGDIRKTTKLNIGGTEIEVETLVEDEAEAGAV,-8.191804956045784,0
MSRRPWLLALALAVALAAGSAGAAHIVMVDAYKPTKSTGSDATVPVATQDGPDYVFHRAHERMLFQTSYTLENNGSVICIPNNGQCFCLAWLKSNGTNAEKLAANILQWITFALSALCLMFYGYQTWKSTCGWEEIYVATIEMIKFIIEYFHEFDEPAVIYSSNGNKTVWLRYAEWLLTCPVILIHLSNLTGLANDYNKRTMGLLVSDIGTIVWGTTAALSKGYVRVIFFLMGLCYGIYTFFNAAKVYIEAYHTVPKGRCRQVVTGMAWLFFVSWGMFPILFILGPEGFGVLSVYGSTVGHTIIDLMSKNCWGLLGHYLRVLIHEHIIMYGDIRRPVSSQFLGRKVDVLAFVTEEDKV,-6.371702819572715,0
MSRRPWLLALALAVALAAGSAGAAHIVMVDAYKPTKSTGSDATVPVATQDGPDYVFHRAHERMLFQTSYTLENNGSVICIPNNGQCFCLAWLKSNGTPGEKIGAQVCQWITFALSALCLMFYGYQTWKSTCGWEEIYVATIEMIKFIIEYFHEFDEPAVIYSSNGNKTVWLRYAEWLLTCPVILIHLSNLTGLANDYNKRTMGLLVSDIGTIVWGTTAALSKGYVRVIFFLMGLCYGIYTFFNAAKVYIEAYHTVPKGRCRQVVTGMAWLFFVSWGMFPILFILGPEGFGVLSVYGSTVGHTIIDLMSKNCWGLLGHYLRVLIHEHILIHGDIRKTTKLNIGGTEIEVETLVEDEAEAGAV,-6.996026362092827,0
MSRRPWLLALALAVALAAGSAGAAHIVMVDAYKPTKSTGSDATVPVATQDGPDYVFHRAHERMLFQTSYTLENNGSVICIPNNGQCFCLAWLKSNGTNAEKLAANILQWIAFSIAIALLTFYGFSAWKATCGWEEVYVCCVEVLFVTLEIFKEFSEPAVIYSSNGNKTVWLRYAEWLLTCPVILIHLSNLTGLANDYNKRTMGLLVSDIGTIVWGTTAALSKGYVRVIFFLMGLCYGIYTFFNAAKVYIEAYHTVPKGRCRQVVTGMAWLFFVSWGMFPILFILGPEGFGVLSVYGSTVGHTIIDLMSKNCWGLLGHYLRVLIHEHILIHGDIRKTTKLNIGGTEIEVETLVEDEAEAGAV,-7.6062267387969245,0
MSRRPWLLALALAVALAAGSAGAAHIVMVDAYKPTKSTGSDATVPVATQDGPDYVFHRAHERMLFQTSYTLENNGSVICIPNNGQCFCLAWLKSNGTNAEKLAANILQWITFALSALCLMFYGYQTWKSTCGWEEIYVATIEMIKFIIEYFHEFDSPATVYLSTGNHAYCLRYFEWLLTCPVILIHLSNLTGLANDYNKRTMGLLVSDIGTIVWGTTAALSKGYVRVIFFLMGLCYGIYTFFNAAKVYIEAYHTVPKGRCRQVVTGMAWLFFVSWGMFPILFILGPEGFGVLSVYGSTVGHTIIDLMSKNCWGLLGHYLRVLIHEHILIHGDIRKTTKLNIGGTEIEVETLVEDEAEAGAV,-7.546017632580344,0
MSRRPWLLALALAVALAAGSAGAAHIVMVDAYKPTKSTGSDATVPVATQDGPDYVFHRAHERMLFQTSYTLENNGSVICIPNNGQCFCLAWLKSNGTNAEKLAANILQWITFALSALCLMFYGYQTWKSTCGWEEIYVATIEMIKFIIEYFHEFDEPAVIYSSNGNKTVWLRYAEWLLSCPVILIRLSNLSGLKNDYSKRTMGLIVSDIGTIVWGTTAALSKGYVRVIFFLMGLCYGIYTFFNAAKVYIEAYHTVPKGRCRQVVTGMAWLFFVSWGMFPILFILGPEGFGVLSVYGSTVGHTIIDLMSKNCWGLLGHYLRVLIHEHILIHGDIRKTTKLNIGGTEIEVETLVEDEAEAGAV,-7.993079403043451,0
MSRRPWLLALALAVALAAGSAGAAHIVMVDAYKPTKSTGSDATVPVATQDGPDYVFHRAHERMLFQTSYTLENNGSVICIPNNGQCFCLAWLKSNGTNAEKLAANILQWITFALSALCLMFYGYQTWKSTCGWEEIYVATIEMIKFIIEYFHEFDEPAVIYSSNGNKTVWLRYAEWLLTCPVILIHLSNLTGLANDYNKRTMGLLVSCVGMIVFGMAAGLATDWLKWLLYIVSCIYGGYMYFQAAKCYVEAYHTVPKGRCRQVVTGMAWLFFVSWGMFPILFILGPEGFGVLSVYGSTVGHTIIDLMSKNCWGLLGHYLRVLIHEHILIHGDIRKTTKLNIGGTEIEVETLVEDEAEAGAV,-5.840652190889835,0
MSRRPWLLALALAVALAAGSAGAAHIVMVDAYKPTKSTGSDATVPVATQDGPDYVFHRAHERMLFQTSYTLENNGSVICIPNNGQCFCLAWLKSNGTNAEKLAANILQWITFALSALCLMFYGYQTWKSTCGWEEIYVATIEMIKFIIEYFHEFDEPAVIYSSNGNKTVWLRYAEWLLTCPVILIHLSNLTGLANDYNKRTMGLLVSDIGTIVWGTTAALSKGYVRVIFFLMGLCYGIYTFFNAAKVYIEANHSVPKGHCRMVVKLMAYAYFASWGMFPILFILGPEGFGVLSVYGSTVGHTIIDLMSKNCWGLLGHYLRVLIHEHILIHGDIRKTTKLNIGGTEIEVETLVEDEAEAGAV,,0
MSRRPWLLALALAVALAAGSAGAAHIVMVDAYKPTKSTGSDATVPVATQDGPDYVFHRAHERMLFQTSYTLENNGSVICIPNNGQCFCLAWLKSNGTNAEKLAANILQWITFALSALCLMFYGYQTWKSTCGWEEIYVATIEMIKFIIEYFHEFDEPAVIYSSNGNKTVWLRYAEWLLTCPVILIHLSNLTGLANDYNKRTMGLLVSDIGTIVWGTTAALSKGYVRVIFFLMGLCYGIYTFFNAAKVYIEAYHTVPKGRCRQVVTGMAWLFFVSWGSYPILWAVGPEGLLKLSVYGSTVGHTIIDLMSKNCWGLLGHYLRVLIHEHILIHGDIRKTTKLNIGGTEIEVETLVEDEAEAGAV,-7.430867304520878,0
MSRRPWLLALALAVALAAGSAGAAHIVMVDAYKPTKSTGSDATVPVATQDGPDYVFHRAHERMLFQTSYTLENNGSVICIPNNGQCFCLAWLKSNGTNAEKLAANILQWITFALSALCLMFYGYQTWKSTCGWEEIYVATIEMIKFIIEYFHEFDEPAVIYSSNGNKTVWLRYAEWLLTCPVILIHLSNLTGLANDYNKRTMGLLVSDIGTIVWGTTAALSKGYVRVIFFLMGLCYGIYTFFNAAKVYIEAYHTVPKGRCRQVVTGMAWLFFVSWGMFPILFILGPEGFGVLSPYANSIGHSICDIIAKEFWTFLAHHLRIKIHEHILIHGDIRKTTKLNIGGTEIEVETLVEDEAEAGAV,-7.697662542801202,0
MSRRPWLLALALAVALAAGSAGAAHIVMVDAYKPTKSTGSDATVPVATQDGPDYVFHRAHERMLFQTSYTLENNGSVICIPNNGQCFCLAWLKSNGTNAEKLAANILQWITFALSALCLMFYGYQTWKSTCGWEEIYVATIEMIKFIIEYFHEFDEPAVIYSSNGNKTVWLRYAEWLLTCPVILIHLSNLTGLANDYNKRTMGLLVSDIGTIVWGTTAALSKGYVRVIFFLMGLCYGIYTFFNAAKVYIEAYHTVPKGRCRQVVTGMAWLFFVSWGMFPILFILGPEGFGVLSVYGSTVGHTIIDLMSKNCWGLLGHYLRVLIHEHILIHGDIRKTTKMEIGGEEVEVEEFVEEEDEDTV,-5.988608431336485,0
MSRRPWLLALALAVALAAGSAGAAHIVMVDAYKPTKSTGSDATVPVATQDGPDYVFHRAHERMLFQTSYTLENNGSVICIPNNGQCFCLAWLKSNGTNAEKLAANILQWITFALSALCLMFYGYQTWKSTCGWEEIYVATIEMIKFIIEYFHEFDSPATVYLSTGNHAYCLRYFEWLLSCPVILIRLSNLSGLKNDYSKRTMGLIVSCVGMIVFGMAAGLATDWLKWLLYIVSCIYGGYMYFQAAKCYVEAYHTVPKGRCRQVVTGMAWLFFVSWGSYPILWAVGPEGLLKLSPYANSIGHSICDIIAKEFWTFLAHHLRIKIHEHILIHGDIRKTTKLNIGGTEIEVETLVEDEAEAGAV,-5.384437728556348,0
MSRRPWLLALALAVALAAGSAGAAHIVMVDAYKPTKSTGSDATVPVATQDGPDYVFHRAHERMLFQTSYTLENNGSVICIPNNGQCFCLAWLKSNGALWEQETARGFQWFAFSIAIALLTFYGFSAWKATCGWEEVYVCCVEVLFVTLEIFKEFSSPATVYLSTGNHAYCLRYFEWLLTCPVILIHLSNITGLSEAYNKRTMALLVSDIGTIVWGTTAALSKGYVRVIFFLMGLCYGIYTFFNAAKVYIESYYIMPAGGCKKLVLAMTAVYYSSWGSYPILWAVGPEGLLKLSPYANSIGHSICDIIAKEFWTFLAHHLRIKIHEHIIMYGDIRRPVSSQFLGRKVDVLAFVTEEDKV,-7.774340977997347,0
MSRRPWLLALALAVALAAGSAGAAHIVMVDAYKPTKSTGSDATVPVATQDGPDYVFHRAHERMLFQTSYTLENNGSVICIPNNGQCFCLAWLKSNGALWEQETARGFQWFTFALSALCLMFYGYQTWKSTCGWEEIYVATIEMIKFIIEYFHEFDEPAVIYSSNGNKTVWLRYAEWLLTCPVILIHLSNITGLSEAYNKRTMALLVSCVGMIVFGMAAGLATDWLKWLLYIVSCIYGGYMYFQAAKCYVEANHSVPKGHCRMVVKLMAYAYFASWGSYPILWAVGPEGLLKLSVYGSTVGHTIIDLMSKNCWGLLGHYLRVLIHEHIIMYGDIRRPVSSQFLGRKVDVLAFVTEEDKV,-5.893746696133273,0
MSRRPWLLALALAVALAAGSAGAAHIVMVDAYKPTKSTGSDATVPVATQDGPDYVFHRAHERMLFQTSYTLENNGSVICIPNNGQCFCLAWLKSNGTPGEKIGAQVCQWIAVFLSALFLAFYGWHAYKASVGWEEVYVCSVELIKVILEIYFEFTEPAVIYSSNGNKTVWLRYAEWLLTCPVILIHLSNLTGLANDYNKRTMGLLVSCVGMIVFGMAAGLATDWLKWLLYIVSCIYGGYMYFQAAKCYVESYYIMPAGGCKKLVLAMTAVYYSSWGMFPILFILGPEGFGVLSPYANSIGHSICDIIAKEFWTFLAHHLRIKIHEHILIHGDIRKTTKMEIGGEEVEVEEFVEEEDEDTV,-7.3141295128133885,0
MSRRPWLLALALAVALAAGSAGAAHIVMVDAYKPTKSTGSDATVPVATQDGPDYVFHRAHERMLFQTSYTLENNGSVICIPNNGQCFCLAWLKSNGTPGEKIGAQVCQWITFALSALCLMFYGYQTWKSTCGWEEIYVATIEMIKFIIEYFHEFDSPATVYLSTGNHAYCLRYFEWLLTCPVILIHLSNLTGLANDYNKRTMGLLVSDLGTICMGVTAALATGWVKWLFYCIGLVYGTQTFYNAGIIYVEANHSVPKGHCRMVVKLMAYAYFASWGMFPILFILGPEGFGVLSPYANSIGHSICDIIAKEFWTFLAHHLRIKIHEHIIMYGDIRRPVSSQFLGRKVDVLAFVTEEDKV,-6.673839708394163,0
MSRRPWLLALALAVALAAGSAGAAHIVMVDAYKPTKSTGSDATVPVATQDGPDYVFHRAHERMLFQTSYTLENNGSVICIPNNGQCFCLAWLKSNGTPGEKIGAQVCQWIAFSIAIALLTFYGFSAWKATCGWEEVYVCCVEVLFVTLEIFKEFSSPATVYLSTGNHAYCLRYFEWLLTCPVILIHLSNLTGLANDYNKRTMGLLVSCVGMIVFGMAAGLATDWLKWLLYIVSCIYGGYMYFQAAKCYVEAYHTVPKGRCRQVVTGMAWLFFVSWLMFPGLFIFGPEGMHTLSVAGSTIGHTIADLLSKNIWGLLGHFLRIKIHEHIIMYGDIRRPVSSQFLGRKVDVLAFVTEEDKV,-5.696734269383801,0
MSRRPWLLALALAVALAAGSAGAAHIVMVDAYKPTKSTGSDATVPVATQDGPDYVFHRAHERMLFQTSYTLENNGSVICIPNNGQCFCLAWLKSNGTNAEKLAANILQWIAFSIAIALLTFYGFSAWKATCGWEEVYVCCVEVLFVTLEIFKEFSSPATVYLSTGNHAYCLRYFEWLLTCPVILIHLSNLTGLANDYNKRTMGLLVSDLGTICMGVTAALATGWVKWLFYCIGLVYGTQTFYNAGIIYVESYYIMPAGGCKKLVLAMTAVYYSSWGSYPILWAVGPEGLLKLSVYGSTVGHTIIDLMSKNCWGLLGHYLRVLIHEHILIHGDIRKTTKLNIGGTEIEVETLVEDEAEAGAV,-8.583544794452564,0
MSRRPWLLALALAVALAAGSAGAAHIVMVDAYKPTKSTGSDATVPVATQDGPDYVFHRAHERMLFQTSYTLENNGSVICIPNNGQCFCLAWLKSNGTNAEKLAANILQWIAVFLSALFLAFYGWHAYKASVGWEEVYVCSVELIKVILEIYFEFTSPATVYLSTGNHAYCLRYFEWLLTCPVILIHLSNITGLSEAYNKRTMALLVSDIGTIVWGTTAALSKGYVRVIFFLMGLCYGIYTFFNAAKVYIEAYHTVPKGRCRQVVTGMAWLFFVSWGMFPILFILGPEGFGVLSVYGSTVGHTIIDLMSKNCWGLLGHYLRVLIHEHILIHGDIRKTTKLNIGGTEIEVETLVEDEAEAGAV,-7.50501562302166,0
MSRRPWLLALALAVALAAGSAGAAHIVMVDAYKPTKSTGSDATVPVATQDGPDYVFHRAHERMLFQTSYTLENNGSVICIPNNGQCFCLAWLKSNGTNAEKLAANILQWIAFSIAIALLTFYGFSAWKATCGWEEVYVCCVEVLFVTLEIFKEFSSPAMLFLYGGNITPWLRYAEWLLTCPVILIHLSNITGLSEAYNKRTMALLVSCVGMIVFGMAAGLATDWLKWLLYIVSCIYGGYMYFQAAKCYVEANHSVPKGHCRMVVKLMAYAYFASWLMFPGLFIFGPEGMHTLSPYANSIGHSICDIIAKEFWTFLAHHLRIKIHEHILIHGDIRKTTKLNIGGTEIEVETLVEDEAEAGAV,-7.832019468805971,0
MSRRPWLLALALAVALAAGSAGAAHIVMVDAYKPTKSTGSDATVPVATQDGPDYVFHRAHERMLFQTSYTLENNGSVICIPNNGQCFCLAWLKSNGTPGEKIGAQVCQWIAFSIAIALLTFYGFSAWKATCGWEEVYVCCVEVLFVTLEIFKEFSEPAVIYSSNGNKTVWLRYAEWLLTCPVILIHLSNITGLSEAYNKRTMALLVSDLGTICMGVTAALATGWVKWLFYCIGLVYGTQTFYNAGIIYVEAYHTVPKGRCRQVVTGMAWLFFVSWGSYPILWAVGPEGLLKLSPYANSIGHSICDIIAKEFWTFLAHHLRIKIHEHILIHGDIRKTTKMEIGGEEVEVEEFVEEEDEDTV,-6.886468446878718,0
MSRRPWLLALALAVALAAGSAGAAHIVMVDAYKPTKSTGSDATVPVATQDGPDYVFHRAHERMLFQTSYTLENNGSVICIPNNGQCFCLAWLKSNGTNAEKLAANILQWIAVFLSALFLAFYGWHAYKASVGWEEVYVCSVELIKVILEIYFEFTEPAVIYSSNGNKTVWLRYAEWLLTCPVILIHLSNLTGLANDYNKRTMGLLVSDIGTIVWGTTAALSKGYVRVIFFLMGLCYGIYTFFNAAKVYIEANHSVPKGHCRMVVKLMAYAYFASWGSYPILWAVGPEGLLKLSVAGSTIGHTIADLLSKNIWGLLGHFLRIKIHEHIIMYGDIRRPVSSQFLGRKVDVLAFVTEEDKV,-6.975393550316428,0
MSRRPWLLALALAVALAAGSAGAAHIVMVDAYKPTKSTGSDATVPVATQDGPDYVFHRAHERMLFQTSYTLENNGSVICIPNNGQCFCLAWLKSNGALWEQETARGFQWFTFALSALCLMFYGYQTWKSTCGWEEIYVATIEMIKFIIEYFHEFDEPAVIYSSNGNKTVWLRYAEWLLTCPVILIHLSNLTGLANDYNKRTMGLLVSDIGTIVWGTTAALSKGYVRVIFFLMGLCYGIYTFFNAAKVYIEAYHTVPKGRCRQVVTGMAWLFFVSWLMFPGLFIFGPEGMHTLSPYANSIGHSICDIIAKEFWTFLAHHLRIKIHEHILIHGDIRKTTKLNIGGTEIEVETLVEDEAEAGAV,-6.2807344442384325,0
MSRRPWLLALALAVALAAGSAGAAHIVMVDAYKPTKSTGSDATVPVATQDGPDYVFHRAHERMLFQTSYTLENNGSVICIPNNGQCFCLAWLKSNGALWEQETARGFQWFAVFLSALFLAFYGWHAYKASVGWEEVYVCSVELIKVILEIYFEFTSPATVYLSTGNHAYCLRYFEWLLSCPVILIRLSNLSGLKNDYSKRTMGLIVSDLGTICMGVTAALATGWVKWLFYCIGLVYGTQTFYNAGIIYVEANHSVPKGHCRMVVKLMAYAYFASWGSYPILWAVGPEGLLKLSVAGSTIGHTIADLLSKNIWGLLGHFLRIKIHEHILIHGDIRKTTKLNIGGTEIEVETLVEDEAEAGAV,-8.113936450186205,0
MGGAPAPDAHSAPPGNDSAAHIVMVDAYKPTKGGSEYHAPAGYQVNPPYHPVHGYEEQCSSIYIYYGTNAEKLAANILQWIAVFLSALFLAFYGWHAYKASVGWEEVYVCSVELIKVILEIYFEFTSPAMLFLYGGNITPWLRYAEWLLTCPVILIHLSNITGLSEAYNKRTMALLVSDLGTICMGVTAALATGWVKWLFYCIGLVYGTQTFYNAGIIYVESYYIMPAGGCKKLVLAMTAVYYSSWLMFPGLFIFGPEGMHTLSVAGSTIGHTIADLLSKNIWGLLGHFLRIKIHEHIIMYGDIRRPVSSQFLGRKVDVLAFVTEEDKV,-7.450035379594821,0
MGGAPAPDAHSAPPGNDSAAHIVMVDAYKPTKGGSEYHAPAGYQVNPPYHPVHGYEEQCSSIYIYYGALWEQETARGFQWFTFALSALCLMFYGYQTWKSTCGWEEIYVATIEMIKFIIEYFHEFDSPAMLFLYGGNITPWLRYAEWLLTCPVILIHLSNITGLSEAYNKRTMALLVSDLGTICMGVTAALATGWVKWLFYCIGLVYGTQTFYNAGIIYVESYYIMPAGGCKKLVLAMTAVYYSSWLMFPGLFIFGPEGMHTLSVAGSTIGHTIADLLSKNIWGLLGHFLRIKIHEHIIMYGDIRRPVSSQFLGRKVDVLAFVTEEDKV,-6.566272408536558,0
MGGAPAPDAHSAPPGNDSAAHIVMVDAYKPTKGGSEYHAPAGYQVNPPYHPVHGYEEQCSSIYIYYGALWEQETARGFQWFAVFLSALFLAFYGWHAYKASVGWEEVYVCSVELIKVILEIYFEFTEPAVIYSSNGNKTVWLRYAEWLLTCPVILIHLSNITGLSEAYNKRTMALLVSDLGTICMGVTAALATGWVKWLFYCIGLVYGTQTFYNAGIIYVESYYIMPAGGCKKLVLAMTAVYYSSWLMFPGLFIFGPEGMHTLSVAGSTIGHTIADLLSKNIWGLLGHFLRIKIHEHIIMYGDIRRPVSSQFLGRKVDVLAFVTEEDKV,-6.013942880307312,0
MGGAPAPDAHSAPPGNDSAAHIVMVDAYKPTKGGSEYHAPAGYQVNPPYHPVHGYEEQCSSIYIYYGALWEQETARGFQWFAVFLSALFLAFYGWHAYKASVGWEEVYVCSVELIKVILEIYFEFTSPAMLFLYGGNITPWLRYAEWLLTCPVILIHLSNLTGLANDYNKRTMGLLVSDLGTICMGVTAALATGWVKWLFYCIGLVYGTQTFYNAGIIYVESYYIMPAGGCKKLVLAMTAVYYSSWLMFPGLFIFGPEGMHTLSVAGSTIGHTIADLLSKNIWGLLGHFLRIKIHEHIIMYGDIRRPVSSQFLGRKVDVLAFVTEEDKV,-5.887274565323308,0
MGGAPAPDAHSAPPGNDSAAHIVMVDAYKPTKGGSEYHAPAGYQVNPPYHPVHGYEEQCSSIYIYYGALWEQETARGFQWFAVFLSALFLAFYGWHAYKASVGWEEVYVCSVELIKVILEIYFEFTSPAMLFLYGGNITPWLRYAEWLLTCPVILIHLSNITGLSEAYNKRTMALLVSDIGTIVWGTTAALSKGYVRVIFFLMGLCYGIYTFFNAAKVYIESYYIMPAGGCKKLVLAMTAVYYSSWLMFPGLFIFGPEGMHTLSVAGSTIGHTIADLLSKNIWGLLGHFLRIKIHEHIIMYGDIRRPVSSQFLGRKVDVLAFVTEEDKV,-6.481163109642129,0
MGGAPAPDAHSAPPGNDSAAHIVMVDAYKPTKGGSEYHAPAGYQVNPPYHPVHGYEEQCSSIYIYYGALWEQETARGFQWFAVFLSALFLAFYGWHAYKASVGWEEVYVCSVELIKVILEIYFEFTSPAMLFLYGGNITPWLRYAEWLLTCPVILIHLSNITGLSEAYNKRTMALLVSDLGTICMGVTAALATGWVKWLFYCIGLVYGTQTFYNAGIIYVEAYHTVPKGRCRQVVTGMAWLFFVSWLMFPGLFIFGPEGMHTLSVAGSTIGHTIADLLSKNIWGLLGHFLRIKIHEHIIMYGDIRRPVSSQFLGRKVDVLAFVTEEDKV,-5.968435149556656,0
MGGAPAPDAHSAPPGNDSAAHIVMVDAYKPTKGGSEYHAPAGYQVNPPYHPVHGYEEQCSSIYIYYGALWEQETARGFQWFAVFLSALFLAFYGWHAYKASVGWEEVYVCSVELIKVILEIYFEFTSPAMLFLYGGNITPWLRYAEWLLTCPVILIHLSNITGLSEAYNKRTMALLVSDLGTICMGVTAALATGWVKWLFYCIGLVYGTQTFYNAGIIYVESYYIMPAGGCKKLVLAMTAVYYSSWGMFPILFILGPEGFGVLSVAGSTIGHTIADLLSKNIWGLLGHFLRIKIHEHIIMYGDIRRPVSSQFLGRKVDVLAFVTEEDKV,-5.3072183078974415,0
MGGAPAPDAHSAPPGNDSAAHIVMVDAYKPTKGGSEYHAPAGYQVNPPYHPVHGYEEQCSSIYIYYGALWEQETARGFQWFAVFLSALFLAFYGWHAYKASVGWEEVYVCSVELIKVILEIYFEFTSPAMLFLYGGNITPWLRYAEWLLTCPVILIHLSNITGLSEAYNKRTMALLVSDLGTICMGVTAALATGWVKWLFYCIGLVYGTQTFYNAGIIYVESYYIMPAGGCKKLVLAMTAVYYSSWLMFPGLFIFGPEGMHTLSVYGSTVGHTIIDLMSKNCWGLLGHYLRVLIHEHIIMYGDIRRPVSSQFLGRKVDVLAFVTEEDKV,-6.519779039196885,0
MGGAPAPDAHSAPPGNDSAAHIVMVDAYKPTKGGSEYHAPAGYQVNPPYHPVHGYEEQCSSIYIYYGALWEQETARGFQWFAVFLSALFLAFYGWHAYKASVGWEEVYVCSVELIKVILEIYFEFTSPAMLFLYGGNITPWLRYAEWLLTCPVILIHLSNITGLSEAYNKRTMALLVSDLGTICMGVTAALATGWVKWLFYCIGLVYGTQTFYNAGIIYVESYYIMPAGGCKKLVLAMTAVYYSSWLMFPGLFIFGPEGMHTLSVAGSTIGHTIADLLSKNIWGLLGHFLRIKIHEHILIHGDIRKTTKLNIGGTEIEVETLVEDEAEAGAV,-6.7244621963556055,0
MGGAPAPDAHSAPPGNDSAAHIVMVDAYKPTKGGSEYHAPAGYQVNPPYHPVHGYEEQCSSIYIYYGTPGEKIGAQVCQWIAVFLSALFLAFYGWHAYKASVGWEEVYVCSVELIKVILEIYFEFTSPAMLFLYGGNITPWLRYAEWLLTCPVILIHLSNITGLSEAYNKRTMALLVSDLGTICMGVTAALATGWVKWLFYCIGLVYGTQTFYNAGIIYVESYYIMPAGGCKKLVLAMTAVYYSSWLMFPGLFIFGPEGMHTLSVAGSTIGHTIADLLSKNIWGLLGHFLRIKIHEHIIMYGDIRRPVSSQFLGRKVDVLAFVTEEDKV,-6.886395745117742,0
MGGAPAPDAHSAPPGNDSAAHIVMVDAYKPTKGGSEYHAPAGYQVNPPYHPVHGYEEQCSSIYIYYGALWEQETARGFQWFAFSIAIALLTFYGFSAWKATCGWEEVYVCCVEVLFVTLEIFKEFSSPAMLFLYGGNITPWLRYAEWLLTCPVILIHLSNITGLSEAYNKRTMALLVSDLGTICMGVTAALATGWVKWLFYCIGLVYGTQTFYNAGIIYVESYYIMPAGGCKKLVLAMTAVYYSSWLMFPGLFIFGPEGMHTLSVAGSTIGHTIADLLSKNIWGLLGHFLRIKIHEHIIMYGDIRRPVSSQFLGRKVDVLAFVTEEDKV,-8.025415659124889,0
MGGAPAPDAHSAPPGNDSAAHIVMVDAYKPTKGGSEYHAPAGYQVNPPYHPVHGYEEQCSSIYIYYGALWEQETARGFQWFAVFLSALFLAFYGWHAYKASVGWEEVYVCSVELIKVILEIYFEFTSPATVYLSTGNHAYCLRYFEWLLTCPVILIHLSNITGLSEAYNKRTMALLVSDLGTICMGVTAALATGWVKWLFYCIGLVYGTQTFYNAGIIYVESYYIMPAGGCKKLVLAMTAVYYSSWLMFPGLFIFGPEGMHTLSVAGSTIGHTIADLLSKNIWGLLGHFLRIKIHEHIIMYGDIRRPVSSQFLGRKVDVLAFVTEEDKV,-6.122695079257531,0
MGGAPAPDAHSAPPGNDSAAHIVMVDAYKPTKGGSEYHAPAGYQVNPPYHPVHGYEEQCSSIYIYYGALWEQETARGFQWFAVFLSALFLAFYGWHAYKASVGWEEVYVCSVELIKVILEIYFEFTSPAMLFLYGGNITPWLRYAEWLLSCPVILIRLSNLSGLKNDYSKRTMGLIVSDLGTICMGVTAALATGWVKWLFYCIGLVYGTQTFYNAGIIYVESYYIMPAGGCKKLVLAMTAVYYSSWLMFPGLFIFGPEGMHTLSVAGSTIGHTIADLLSKNIWGLLGHFLRIKIHEHIIMYGDIRRPVSSQFLGRKVDVLAFVTEEDKV,-5.975586824902201,0
MGGAPAPDAHSAPPGNDSAAHIVMVDAYKPTKGGSEYHAPAGYQVNPPYHPVHGYEEQCSSIYIYYGALWEQETARGFQWFAVFLSALFLAFYGWHAYKASVGWEEVYVCSVELIKVILEIYFEFTSPAMLFLYGGNITPWLRYAEWLLTCPVILIHLSNITGLSEAYNKRTMALLVSCVGMIVFGMAAGLATDWLKWLLYIVSCIYGGYMYFQAAKCYVESYYIMPAGGCKKLVLAMTAVYYSSWLMFPGLFIFGPEGMHTLSVAGSTIGHTIADLLSKNIWGLLGHFLRIKIHEHIIMYGDIRRPVSSQFLGRKVDVLAFVTEEDKV,-5.6780835220027175,0
MGGAPAPDAHSAPPGNDSAAHIVMVDAYKPTKGGSEYHAPAGYQVNPPYHPVHGYEEQCSSIYIYYGALWEQETARGFQWFAVFLSALFLAFYGWHAYKASVGWEEVYVCSVELIKVILEIYFEFTSPAMLFLYGGNITPWLRYAEWLLTCPVILIHLSNITGLSEAYNKRTMALLVSDLGTICMGVTAALATGWVKWLFYCIGLVYGTQTFYNAGIIYVEANHSVPKGHCRMVVKLMAYAYFASWLMFPGLFIFGPEGMHTLSVAGSTIGHTIADLLSKNIWGLLGHFLRIKIHEHIIMYGDIRRPVSSQFLGRKVDVLAFVTEEDKV,-8.764202037648419,0
MGGAPAPDAHSAPPGNDSAAHIVMVDAYKPTKGGSEYHAPAGYQVNPPYHPVHGYEEQCSSIYIYYGALWEQETARGFQWFAVFLSALFLAFYGWHAYKASVGWEEVYVCSVELIKVILEIYFEFTSPAMLFLYGGNITPWLRYAEWLLTCPVILIHLSNITGLSEAYNKRTMALLVSDLGTICMGVTAALATGWVKWLFYCIGLVYGTQTFYNAGIIYVESYYIMPAGGCKKLVLAMTAVYYSSWGSYPILWAVGPEGLLKLSVAGSTIGHTIADLLSKNIWGLLGHFLRIKIHEHIIMYGDIRRPVSSQFLGRKVDVLAFVTEEDKV,-5.684063700869746,0
MGGAPAPDAHSAPPGNDSAAHIVMVDAYKPTKGGSEYHAPAGYQVNPPYHPVHGYEEQCSSIYIYYGALWEQETARGFQWFAVFLSALFLAFYGWHAYKASVGWEEVYVCSVELIKVILEIYFEFTSPAMLFLYGGNITPWLRYAEWLLTCPVILIHLSNITGLSEAYNKRTMALLVSDLGTICMGVTAALATGWVKWLFYCIGLVYGTQTFYNAGIIYVESYYIMPAGGCKKLVLAMTAVYYSSWLMFPGLFIFGPEGMHTLSPYANSIGHSICDIIAKEFWTFLAHHLRIKIHEHIIMYGDIRRPVSSQFLGRKVDVLAFVTEEDKV,-8.31556501084656,0
MGGAPAPDAHSAPPGNDSAAHIVMVDAYKPTKGGSEYHAPAGYQVNPPYHPVHGYEEQCSSIYIYYGALWEQETARGFQWFAVFLSALFLAFYGWHAYKASVGWEEVYVCSVELIKVILEIYFEFTSPAMLFLYGGNITPWLRYAEWLLTCPVILIHLSNITGLSEAYNKRTMALLVSDLGTICMGVTAALATGWVKWLFYCIGLVYGTQTFYNAGIIYVESYYIMPAGGCKKLVLAMTAVYYSSWLMFPGLFIFGPEGMHTLSVAGSTIGHTIADLLSKNIWGLLGHFLRIKIHEHILIHGDIRKTTKMEIGGEEVEVEEFVEEEDEDTV,-7.1048508816280265,0
MGGAPAPDAHSAPPGNDSAAHIVMVDAYKPTKGGSEYHAPAGYQVNPPYHPVHGYEEQCSSIYIYYGTPGEKIGAQVCQWIAFSIAIALLTFYGFSAWKATCGWEEVYVCCVEVLFVTLEIFKEFSSPATVYLSTGNHAYCLRYFEWLLSCPVILIRLSNLSGLKNDYSKRTMGLIVSCVGMIVFGMAAGLATDWLKWLLYIVSCIYGGYMYFQAAKCYVEANHSVPKGHCRMVVKLMAYAYFASWGSYPILWAVGPEGLLKLSPYANSIGHSICDIIAKEFWTFLAHHLRIKIHEHILIHGDIRKTTKMEIGGEEVEVEEFVEEEDEDTV,-8.28781536491833,0
MSRLVAASWLLALLLCGITSTTTASAHIVMVDAYKPTKSAPAASSTDGTAAAAVSHYAMNGFDELAKGAVVPEDHFVCGPADKCYCSAWLHSRGALWEQETARGFQWFAFSIAIALLTFYGFSAWKATCGWEEVYVCCVEVLFVTLEIFKEFSSPATVYLSTGNHAYCLRYFEWLLSCPVILIRLSNLSGLKNDYSKRTMGLIVSCVGMIVFGMAAGLATDWLKWLLYIVSCIYGGYMYFQAAKCYVEANHSVPKGHCRMVVKLMAYAYFASWGSYPILWAVGPEGLLKLSPYANSIGHSICDIIAKEFWTFLAHHLRIKIHEHILIHGDIRKTTKMEIGGEEVEVEEFVEEEDEDTV,-4.986009935777647,0
MSRLVAASWLLALLLCGITSTTTASAHIVMVDAYKPTKSAPAASSTDGTAAAAVSHYAMNGFDELAKGAVVPEDHFVCGPADKCYCSAWLHSRGTPGEKIGAQVCQWIAVFLSALFLAFYGWHAYKASVGWEEVYVCSVELIKVILEIYFEFTSPATVYLSTGNHAYCLRYFEWLLSCPVILIRLSNLSGLKNDYSKRTMGLIVSCVGMIVFGMAAGLATDWLKWLLYIVSCIYGGYMYFQAAKCYVEANHSVPKGHCRMVVKLMAYAYFASWGSYPILWAVGPEGLLKLSPYANSIGHSICDIIAKEFWTFLAHHLRIKIHEHILIHGDIRKTTKMEIGGEEVEVEEFVEEEDEDTV,-6.269934534978312,0
MSRLVAASWLLALLLCGITSTTTASAHIVMVDAYKPTKSAPAASSTDGTAAAAVSHYAMNGFDELAKGAVVPEDHFVCGPADKCYCSAWLHSRGTPGEKIGAQVCQWIAFSIAIALLTFYGFSAWKATCGWEEVYVCCVEVLFVTLEIFKEFSSPAMLFLYGGNITPWLRYAEWLLSCPVILIRLSNLSGLKNDYSKRTMGLIVSCVGMIVFGMAAGLATDWLKWLLYIVSCIYGGYMYFQAAKCYVEANHSVPKGHCRMVVKLMAYAYFASWGSYPILWAVGPEGLLKLSPYANSIGHSICDIIAKEFWTFLAHHLRIKIHEHILIHGDIRKTTKMEIGGEEVEVEEFVEEEDEDTV,-4.688170977244142,0
MSRLVAASWLLALLLCGITSTTTASAHIVMVDAYKPTKSAPAASSTDGTAAAAVSHYAMNGFDELAKGAVVPEDHFVCGPADKCYCSAWLHSRGTPGEKIGAQVCQWIAFSIAIALLTFYGFSAWKATCGWEEVYVCCVEVLFVTLEIFKEFSSPATVYLSTGNHAYCLRYFEWLLTCPVILIHLSNITGLSEAYNKRTMALLVSCVGMIVFGMAAGLATDWLKWLLYIVSCIYGGYMYFQAAKCYVEANHSVPKGHCRMVVKLMAYAYFASWGSYPILWAVGPEGLLKLSPYANSIGHSICDIIAKEFWTFLAHHLRIKIHEHILIHGDIRKTTKMEIGGEEVEVEEFVEEEDEDTV,-8.147653535627581,0
MSRLVAASWLLALLLCGITSTTTASAHIVMVDAYKPTKSAPAASSTDGTAAAAVSHYAMNGFDELAKGAVVPEDHFVCGPADKCYCSAWLHSRGTPGEKIGAQVCQWIAFSIAIALLTFYGFSAWKATCGWEEVYVCCVEVLFVTLEIFKEFSSPATVYLSTGNHAYCLRYFEWLLSCPVILIRLSNLSGLKNDYSKRTMGLIVSDLGTICMGVTAALATGWVKWLFYCIGLVYGTQTFYNAGIIYVEANHSVPKGHCRMVVKLMAYAYFASWGSYPILWAVGPEGLLKLSPYANSIGHSICDIIAKEFWTFLAHHLRIKIHEHILIHGDIRKTTKMEIGGEEVEVEEFVEEEDEDTV,-7.264425589948742,0
MSRLVAASWLLALLLCGITSTTTASAHIVMVDAYKPTKSAPAASSTDGTAAAAVSHYAMNGFDELAKGAVVPEDHFVCGPADKCYCSAWLHSRGTPGEKIGAQVCQWIAFSIAIALLTFYGFSAWKATCGWEEVYVCCVEVLFVTLEIFKEFSSPATVYLSTGNHAYCLRYFEWLLSCPVILIRLSNLSGLKNDYSKRTMGLIVSCVGMIVFGMAAGLATDWLKWLLYIVSCIYGGYMYFQAAKCYVESYYIMPAGGCKKLVLAMTAVYYSSWGSYPILWAVGPEGLLKLSPYANSIGHSICDIIAKEFWTFLAHHLRIKIHEHILIHGDIRKTTKMEIGGEEVEVEEFVEEEDEDTV,-5.7112769943557415,0
MSRLVAASWLLALLLCGITSTTTASAHIVMVDAYKPTKSAPAASSTDGTAAAAVSHYAMNGFDELAKGAVVPEDHFVCGPADKCYCSAWLHSRGTPGEKIGAQVCQWIAFSIAIALLTFYGFSAWKATCGWEEVYVCCVEVLFVTLEIFKEFSSPATVYLSTGNHAYCLRYFEWLLSCPVILIRLSNLSGLKNDYSKRTMGLIVSCVGMIVFGMAAGLATDWLKWLLYIVSCIYGGYMYFQAAKCYVEANHSVPKGHCRMVVKLMAYAYFASWLMFPGLFIFGPEGMHTLSPYANSIGHSICDIIAKEFWTFLAHHLRIKIHEHILIHGDIRKTTKMEIGGEEVEVEEFVEEEDEDTV,-6.115112568237896,0
MSRLVAASWLLALLLCGITSTTTASAHIVMVDAYKPTKSAPAASSTDGTAAAAVSHYAMNGFDELAKGAVVPEDHFVCGPADKCYCSAWLHSRGTPGEKIGAQVCQWIAFSIAIALLTFYGFSAWKATCGWEEVYVCCVEVLFVTLEIFKEFSSPATVYLSTGNHAYCLRYFEWLLSCPVILIRLSNLSGLKNDYSKRTMGLIVSCVGMIVFGMAAGLATDWLKWLLYIVSCIYGGYMYFQAAKCYVEANHSVPKGHCRMVVKLMAYAYFASWGSYPILWAVGPEGLLKLSVAGSTIGHTIADLLSKNIWGLLGHFLRIKIHEHILIHGDIRKTTKMEIGGEEVEVEEFVEEEDEDTV,-7.84298595409709,0
MSRLVAASWLLALLLCGITSTTTASAHIVMVDAYKPTKSAPAASSTDGTAAAAVSHYAMNGFDELAKGAVVPEDHFVCGPADKCYCSAWLHSRGTPGEKIGAQVCQWIAFSIAIALLTFYGFSAWKATCGWEEVYVCCVEVLFVTLEIFKEFSSPATVYLSTGNHAYCLRYFEWLLSCPVILIRLSNLSGLKNDYSKRTMGLIVSCVGMIVFGMAAGLATDWLKWLLYIVSCIYGGYMYFQAAKCYVEANHSVPKGHCRMVVKLMAYAYFASWGSYPILWAVGPEGLLKLSPYANSIGHSICDIIAKEFWTFLAHHLRIKIHEHIIMYGDIRRPVSSQFLGRKVDVLAFVTEEDKV,-4.875093284104756,0
MSRLVAASWLLALLLCGITSTTTASAHIVMVDAYKPTKSAPAASSTDGTAAAAVSHYAMNGFDELAKGAVVPEDHFVCGPADKCYCSAWLHSRGTNAEKLAANILQWIAFSIAIALLTFYGFSAWKATCGWEEVYVCCVEVLFVTLEIFKEFSSPATVYLSTGNHAYCLRYFEWLLSCPVILIRLSNLSGLKNDYSKRTMGLIVSCVGMIVFGMAAGLATDWLKWLLYIVSCIYGGYMYFQAAKCYVEANHSVPKGHCRMVVKLMAYAYFASWGSYPILWAVGPEGLLKLSPYANSIGHSICDIIAKEFWTFLAHHLRIKIHEHILIHGDIRKTTKMEIGGEEVEVEEFVEEEDEDTV,-4.153545460917198,0
MSRLVAASWLLALLLCGITSTTTASAHIVMVDAYKPTKSAPAASSTDGTAAAAVSHYAMNGFDELAKGAVVPEDHFVCGPADKCYCSAWLHSRGTPGEKIGAQVCQWITFALSALCLMFYGYQTWKSTCGWEEIYVATIEMIKFIIEYFHEFDSPATVYLSTGNHAYCLRYFEWLLSCPVILIRLSNLSGLKNDYSKRTMGLIVSCVGMIVFGMAAGLATDWLKWLLYIVSCIYGGYMYFQAAKCYVEANHSVPKGHCRMVVKLMAYAYFASWGSYPILWAVGPEGLLKLSPYANSIGHSICDIIAKEFWTFLAHHLRIKIHEHILIHGDIRKTTKMEIGGEEVEVEEFVEEEDEDTV,-5.902809074204358,0
MSRLVAASWLLALLLCGITSTTTASAHIVMVDAYKPTKSAPAASSTDGTAAAAVSHYAMNGFDELAKGAVVPEDHFVCGPADKCYCSAWLHSRGTPGEKIGAQVCQWIAFSIAIALLTFYGFSAWKATCGWEEVYVCCVEVLFVTLEIFKEFSEPAVIYSSNGNKTVWLRYAEWLLSCPVILIRLSNLSGLKNDYSKRTMGLIVSCVGMIVFGMAAGLATDWLKWLLYIVSCIYGGYMYFQAAKCYVEANHSVPKGHCRMVVKLMAYAYFASWGSYPILWAVGPEGLLKLSPYANSIGHSICDIIAKEFWTFLAHHLRIKIHEHILIHGDIRKTTKMEIGGEEVEVEEFVEEEDEDTV,-5.509785716570097,0
MSRLVAASWLLALLLCGITSTTTASAHIVMVDAYKPTKSAPAASSTDGTAAAAVSHYAMNGFDELAKGAVVPEDHFVCGPADKCYCSAWLHSRGTPGEKIGAQVCQWIAFSIAIALLTFYGFSAWKATCGWEEVYVCCVEVLFVTLEIFKEFSSPATVYLSTGNHAYCLRYFEWLLTCPVILIHLSNLTGLANDYNKRTMGLLVSCVGMIVFGMAAGLATDWLKWLLYIVSCIYGGYMYFQAAKCYVEANHSVPKGHCRMVVKLMAYAYFASWGSYPILWAVGPEGLLKLSPYANSIGHSICDIIAKEFWTFLAHHLRIKIHEHILIHGDIRKTTKMEIGGEEVEVEEFVEEEDEDTV,-7.601809103963952,0
MSRLVAASWLLALLLCGITSTTTASAHIVMVDAYKPTKSAPAASSTDGTAAAAVSHYAMNGFDELAKGAVVPEDHFVCGPADKCYCSAWLHSRGTPGEKIGAQVCQWIAFSIAIALLTFYGFSAWKATCGWEEVYVCCVEVLFVTLEIFKEFSSPATVYLSTGNHAYCLRYFEWLLSCPVILIRLSNLSGLKNDYSKRTMGLIVSDIGTIVWGTTAALSKGYVRVIFFLMGLCYGIYTFFNAAKVYIEANHSVPKGHCRMVVKLMAYAYFASWGSYPILWAVGPEGLLKLSPYANSIGHSICDIIAKEFWTFLAHHLRIKIHEHILIHGDIRKTTKMEIGGEEVEVEEFVEEEDEDTV,-8.905971381085486,0
MSRLVAASWLLALLLCGITSTTTASAHIVMVDAYKPTKSAPAASSTDGTAAAAVSHYAMNGFDELAKGAVVPEDHFVCGPADKCYCSAWLHSRGTPGEKIGAQVCQWIAFSIAIALLTFYGFSAWKATCGWEEVYVCCVEVLFVTLEIFKEFSSPATVYLSTGNHAYCLRYFEWLLSCPVILIRLSNLSGLKNDYSKRTMGLIVSCVGMIVFGMAAGLATDWLKWLLYIVSCIYGGYMYFQAAKCYVEAYHTVPKGRCRQVVTGMAWLFFVSWGSYPILWAVGPEGLLKLSPYANSIGHSICDIIAKEFWTFLAHHLRIKIHEHILIHGDIRKTTKMEIGGEEVEVEEFVEEEDEDTV,-4.593912239723845,0
MSRLVAASWLLALLLCGITSTTTASAHIVMVDAYKPTKSAPAASSTDGTAAAAVSHYAMNGFDELAKGAVVPEDHFVCGPADKCYCSAWLHSRGTPGEKIGAQVCQWIAFSIAIALLTFYGFSAWKATCGWEEVYVCCVEVLFVTLEIFKEFSSPATVYLSTGNHAYCLRYFEWLLSCPVILIRLSNLSGLKNDYSKRTMGLIVSCVGMIVFGMAAGLATDWLKWLLYIVSCIYGGYMYFQAAKCYVEANHSVPKGHCRMVVKLMAYAYFASWGMFPILFILGPEGFGVLSPYANSIGHSICDIIAKEFWTFLAHHLRIKIHEHILIHGDIRKTTKMEIGGEEVEVEEFVEEEDEDTV,-5.769612631669962,0
MSRLVAASWLLALLLCGITSTTTASAHIVMVDAYKPTKSAPAASSTDGTAAAAVSHYAMNGFDELAKGAVVPEDHFVCGPADKCYCSAWLHSRGTPGEKIGAQVCQWIAFSIAIALLTFYGFSAWKATCGWEEVYVCCVEVLFVTLEIFKEFSSPATVYLSTGNHAYCLRYFEWLLSCPVILIRLSNLSGLKNDYSKRTMGLIVSCVGMIVFGMAAGLATDWLKWLLYIVSCIYGGYMYFQAAKCYVEANHSVPKGHCRMVVKLMAYAYFASWGSYPILWAVGPEGLLKLSVYGSTVGHTIIDLMSKNCWGLLGHYLRVLIHEHILIHGDIRKTTKMEIGGEEVEVEEFVEEEDEDTV,-7.9203861571490455,0
MSRLVAASWLLALLLCGITSTTTASAHIVMVDAYKPTKSAPAASSTDGTAAAAVSHYAMNGFDELAKGAVVPEDHFVCGPADKCYCSAWLHSRGTPGEKIGAQVCQWIAFSIAIALLTFYGFSAWKATCGWEEVYVCCVEVLFVTLEIFKEFSSPATVYLSTGNHAYCLRYFEWLLSCPVILIRLSNLSGLKNDYSKRTMGLIVSCVGMIVFGMAAGLATDWLKWLLYIVSCIYGGYMYFQAAKCYVEANHSVPKGHCRMVVKLMAYAYFASWGSYPILWAVGPEGLLKLSPYANSIGHSICDIIAKEFWTFLAHHLRIKIHEHILIHGDIRKTTKLNIGGTEIEVETLVEDEAEAGAV,-5.194006961724645,0
MSRLVAASWLLALLLCGITSTTTASAHIVMVDAYKPTKSAPAASSTDGTAAAAVSHYAMNGFDELAKGAVVPEDHFVCGPADKCYCSAWLHSRGALWEQETARGFQWFAVFLSALFLAFYGWHAYKASVGWEEVYVCSVELIKVILEIYFEFTEPAVIYSSNGNKTVWLRYAEWLLSCPVILIRLSNLSGLKNDYSKRTMGLIVSDLGTICMGVTAALATGWVKWLFYCIGLVYGTQTFYNAGIIYVEAYHTVPKGRCRQVVTGMAWLFFVSWGSYPILWAVGPEGLLKLSVYGSTVGHTIIDLMSKNCWGLLGHYLRVLIHEHIIMYGDIRRPVSSQFLGRKVDVLAFVTEEDKV,-6.794567628611167,0
MGGAPAPDAHSAPPGNDSAAHIVMVDAYKPTKGGSEYHAPAGYQVNPPYHPVHGYEEQCSSIYIYYGALWEQETARGFQWFAFSIAIALLTFYGFSAWKATCGWEEVYVCCVEVLFVTLEIFKEFSEPAVIYSSNGNKTVWLRYAEWLLTCPVILIHLSNLTGLANDYNKRTMGLLVSCVGMIVFGMAAGLATDWLKWLLYIVSCIYGGYMYFQAAKCYVESYYIMPAGGCKKLVLAMTAVYYSSWGSYPILWAVGPEGLLKLSVYGSTVGHTIIDLMSKNCWGLLGHYLRVLIHEHILIHGDIRKTTKLNIGGTEIEVETLVEDEAEAGAV,-8.51762382755167,0
MSRLVAASWLLALLLCGITSTTTASAHIVMVDAYKPTKSAPAASSTDGTAAAAVSHYAMNGFDELAKGAVVPEDHFVCGPADKCYCSAWLHSRGALWEQETARGFQWFTFALSALCLMFYGYQTWKSTCGWEEIYVATIEMIKFIIEYFHEFDEPAVIYSSNGNKTVWLRYAEWLLSCPVILIRLSNLSGLKNDYSKRTMGLIVSDIGTIVWGTTAALSKGYVRVIFFLMGLCYGIYTFFNAAKVYIEANHSVPKGHCRMVVKLMAYAYFASWLMFPGLFIFGPEGMHTLSVYGSTVGHTIIDLMSKNCWGLLGHYLRVLIHEHIIMYGDIRRPVSSQFLGRKVDVLAFVTEEDKV,-8.571060179872774,0
MGGAPAPDAHSAPPGNDSAAHIVMVDAYKPTKGGSEYHAPAGYQVNPPYHPVHGYEEQCSSIYIYYGTPGEKIGAQVCQWIAFSIAIALLTFYGFSAWKATCGWEEVYVCCVEVLFVTLEIFKEFSEPAVIYSSNGNKTVWLRYAEWLLTCPVILIHLSNITGLSEAYNKRTMALLVSCVGMIVFGMAAGLATDWLKWLLYIVSCIYGGYMYFQAAKCYVEAYHTVPKGRCRQVVTGMAWLFFVSWGSYPILWAVGPEGLLKLSVYGSTVGHTIIDLMSKNCWGLLGHYLRVLIHEHILIHGDIRKTTKMEIGGEEVEVEEFVEEEDEDTV,-7.3445848975979535,0
MSRLVAASWLLALLLCGITSTTTASAHIVMVDAYKPTKSAPAASSTDGTAAAAVSHYAMNGFDELAKGAVVPEDHFVCGPADKCYCSAWLHSRGTNAEKLAANILQWITFALSALCLMFYGYQTWKSTCGWEEIYVATIEMIKFIIEYFHEFDSPAMLFLYGGNITPWLRYAEWLLSCPVILIRLSNLSGLKNDYSKRTMGLIVSCVGMIVFGMAAGLATDWLKWLLYIVSCIYGGYMYFQAAKCYVESYYIMPAGGCKKLVLAMTAVYYSSWGMFPILFILGPEGFGVLSVAGSTIGHTIADLLSKNIWGLLGHFLRIKIHEHILIHGDIRKTTKMEIGGEEVEVEEFVEEEDEDTV,-6.569508668935794,0
MSRLVAASWLLALLLCGITSTTTASAHIVMVDAYKPTKSAPAASSTDGTAAAAVSHYAMNGFDELAKGAVVPEDHFVCGPADKCYCSAWLHSRGALWEQETARGFQWFAVFLSALFLAFYGWHAYKASVGWEEVYVCSVELIKVILEIYFEFTEPAVIYSSNGNKTVWLRYAEWLLSCPVILIRLSNLSGLKNDYSKRTMGLIVSDIGTIVWGTTAALSKGYVRVIFFLMGLCYGIYTFFNAAKVYIESYYIMPAGGCKKLVLAMTAVYYSSWLMFPGLFIFGPEGMHTLSPYANSIGHSICDIIAKEFWTFLAHHLRIKIHEHILIHGDIRKTTKLNIGGTEIEVETLVEDEAEAGAV,-7.588913722504616,0
MGGAPAPDAHSAPPGNDSAAHIVMVDAYKPTKGGSEYHAPAGYQVNPPYHPVHGYEEQCSSIYIYYGALWEQETARGFQWFAFSIAIALLTFYGFSAWKATCGWEEVYVCCVEVLFVTLEIFKEFSSPATVYLSTGNHAYCLRYFEWLLSCPVILIRLSNLSGLKNDYSKRTMGLIVSDIGTIVWGTTAALSKGYVRVIFFLMGLCYGIYTFFNAAKVYIEAYHTVPKGRCRQVVTGMAWLFFVSWGSYPILWAVGPEGLLKLSVAGSTIGHTIADLLSKNIWGLLGHFLRIKIHEHILIHGDIRKTTKMEIGGEEVEVEEFVEEEDEDTV,-8.287149988801819,0
MSRLVAASWLLALLLCGITSTTTASAHIVMVDAYKPTKSAPAASSTDGTAAAAVSHYAMNGFDELAKGAVVPEDHFVCGPADKCYCSAWLHSRGALWEQETARGFQWFTFALSALCLMFYGYQTWKSTCGWEEIYVATIEMIKFIIEYFHEFDEPAVIYSSNGNKTVWLRYAEWLLTCPVILIHLSNITGLSEAYNKRTMALLVSDLGTICMGVTAALATGWVKWLFYCIGLVYGTQTFYNAGIIYVEANHSVPKGHCRMVVKLMAYAYFASWGMFPILFILGPEGFGVLSPYANSIGHSICDIIAKEFWTFLAHHLRIKIHEHIIMYGDIRRPVSSQFLGRKVDVLAFVTEEDKV,-6.9793484717108525,0
MGGAPAPDAHSAPPGNDSAAHIVMVDAYKPTKGGSEYHAPAGYQVNPPYHPVHGYEEQCSSIYIYYGTNAEKLAANILQWIAVFLSALFLAFYGWHAYKASVGWEEVYVCSVELIKVILEIYFEFTSPATVYLSTGNHAYCLRYFEWLLSCPVILIRLSNLSGLKNDYSKRTMGLIVSCVGMIVFGMAAGLATDWLKWLLYIVSCIYGGYMYFQAAKCYVEAYHTVPKGRCRQVVTGMAWLFFVSWGMFPILFILGPEGFGVLSVYGSTVGHTIIDLMSKNCWGLLGHYLRVLIHEHILIHGDIRKTTKLNIGGTEIEVETLVEDEAEAGAV,-7.840763601366848,0
MGGAPAPDAHSAPPGNDSAAHIVMVDAYKPTKGGSEYHAPAGYQVNPPYHPVHGYEEQCSSIYIYYGALWEQETARGFQWFAFSIAIALLTFYGFSAWKATCGWEEVYVCCVEVLFVTLEIFKEFSSPAMLFLYGGNITPWLRYAEWLLSCPVILIRLSNLSGLKNDYSKRTMGLIVSDIGTIVWGTTAALSKGYVRVIFFLMGLCYGIYTFFNAAKVYIEAYHTVPKGRCRQVVTGMAWLFFVSWGSYPILWAVGPEGLLKLSPYANSIGHSICDIIAKEFWTFLAHHLRIKIHEHIIMYGDIRRPVSSQFLGRKVDVLAFVTEEDKV,-9.174039097210207,0
MGGAPAPDAHSAPPGNDSAAHIVMVDAYKPTKGGSEYHAPAGYQVNPPYHPVHGYEEQCSSIYIYYGTPGEKIGAQVCQWITFALSALCLMFYGYQTWKSTCGWEEIYVATIEMIKFIIEYFHEFDSPATVYLSTGNHAYCLRYFEWLLTCPVILIHLSNITGLSEAYNKRTMALLVSCVGMIVFGMAAGLATDWLKWLLYIVSCIYGGYMYFQAAKCYVESYYIMPAGGCKKLVLAMTAVYYSSWGSYPILWAVGPEGLLKLSVYGSTVGHTIIDLMSKNCWGLLGHYLRVLIHEHILIHGDIRKTTKMEIGGEEVEVEEFVEEEDEDTV,-8.313000601877945,0
MSRLVAASWLLALLLCGITSTTTASAHIVMVDAYKPTKSAPAASSTDGTAAAAVSHYAMNGFDELAKGAVVPEDHFVCGPADKCYCSAWLHSRGTNAEKLAANILQWIAVFLSALFLAFYGWHAYKASVGWEEVYVCSVELIKVILEIYFEFTSPAMLFLYGGNITPWLRYAEWLLSCPVILIRLSNLSGLKNDYSKRTMGLIVSDIGTIVWGTTAALSKGYVRVIFFLMGLCYGIYTFFNAAKVYIESYYIMPAGGCKKLVLAMTAVYYSSWGMFPILFILGPEGFGVLSVYGSTVGHTIIDLMSKNCWGLLGHYLRVLIHEHILIHGDIRKTTKMEIGGEEVEVEEFVEEEDEDTV,-8.15482384172899,0
MSRLVAASWLLALLLCGITSTTTASAHIVMVDAYKPTKSAPAASSTDGTAAAAVSHYAMNGFDELAKGAVVPEDHFVCGPADKCYCSAWLHSRGTPGEKIGAQVCQWITFALSALCLMFYGYQTWKSTCGWEEIYVATIEMIKFIIEYFHEFDSPAMLFLYGGNITPWLRYAEWLLTCPVILIHLSNITGLSEAYNKRTMALLVSCVGMIVFGMAAGLATDWLKWLLYIVSCIYGGYMYFQAAKCYVESYYIMPAGGCKKLVLAMTAVYYSSWGMFPILFILGPEGFGVLSPYANSIGHSICDIIAKEFWTFLAHHLRIKIHEHILIHGDIRKTTKLNIGGTEIEVETLVEDEAEAGAV,-7.931613379354088,0
MSRLVAASWLLALLLCGITSTTTASAHIVMVDAYKPTKSAPAASSTDGTAAAAVSHYAMNGFDELAKGAVVPEDHFVCGPADKCYCSAWLHSRGTNAEKLAANILQWIAVFLSALFLAFYGWHAYKASVGWEEVYVCSVELIKVILEIYFEFTSPAMLFLYGGNITPWLRYAEWLLTCPVILIHLSNLTGLANDYNKRTMGLLVSDIGTIVWGTTAALSKGYVRVIFFLMGLCYGIYTFFNAAKVYIEAYHTVPKGRCRQVVTGMAWLFFVSWGSYPILWAVGPEGLLKLSPYANSIGHSICDIIAKEFWTFLAHHLRIKIHEHIIMYGDIRRPVSSQFLGRKVDVLAFVTEEDKV,-7.682347412816437,0
MGGAPAPDAHSAPPGNDSAAHIVMVDAYKPTKGGSEYHAPAGYQVNPPYHPVHGYEEQCSSIYIYYGTNAEKLAANILQWITFALSALCLMFYGYQTWKSTCGWEEIYVATIEMIKFIIEYFHEFDEPAVIYSSNGNKTVWLRYAEWLLTCPVILIHLSNLTGLANDYNKRTMGLLVSDIGTIVWGTTAALSKGYVRVIFFLMGLCYGIYTFFNAAKVYIESYYIMPAGGCKKLVLAMTAVYYSSWGSYPILWAVGPEGLLKLSPYANSIGHSICDIIAKEFWTFLAHHLRIKIHEHILIHGDIRKTTKMEIGGEEVEVEEFVEEEDEDTV,-7.7252366227309155,0
MGGAPAPDAHSAPPGNDSAAHIVMVDAYKPTKGGSEYHAPAGYQVNPPYHPVHGYEEQCSSIYIYYGTPGEKIGAQVCQWITFALSALCLMFYGYQTWKSTCGWEEIYVATIEMIKFIIEYFHEFDEPAVIYSSNGNKTVWLRYAEWLLSCPVILIRLSNLSGLKNDYSKRTMGLIVSDLGTICMGVTAALATGWVKWLFYCIGLVYGTQTFYNAGIIYVEANHSVPKGHCRMVVKLMAYAYFASWGMFPILFILGPEGFGVLSVAGSTIGHTIADLLSKNIWGLLGHFLRIKIHEHIIMYGDIRRPVSSQFLGRKVDVLAFVTEEDKV,-7.4665305235863535,0
MSRLVAASWLLALLLCGITSTTTASAHIVMVDAYKPTKSAPAASSTDGTAAAAVSHYAMNGFDELAKGAVVPEDHFVCGPADKCYCSAWLHSRGTPGEKIGAQVCQWIAVFLSALFLAFYGWHAYKASVGWEEVYVCSVELIKVILEIYFEFTSPATVYLSTGNHAYCLRYFEWLLTCPVILIHLSNITGLSEAYNKRTMALLVSCVGMIVFGMAAGLATDWLKWLLYIVSCIYGGYMYFQAAKCYVESYYIMPAGGCKKLVLAMTAVYYSSWGMFPILFILGPEGFGVLSVYGSTVGHTIIDLMSKNCWGLLGHYLRVLIHEHILIHGDIRKTTKLNIGGTEIEVETLVEDEAEAGAV,-7.53760401737095,0
MGGAPAPDAHSAPPGNDSAAHIVMVDAYKPTKGGSEYHAPAGYQVNPPYHPVHGYEEQCSSIYIYYGTPGEKIGAQVCQWITFALSALCLMFYGYQTWKSTCGWEEIYVATIEMIKFIIEYFHEFDEPAVIYSSNGNKTVWLRYAEWLLTCPVILIHLSNLTGLANDYNKRTMGLLVSDLGTICMGVTAALATGWVKWLFYCIGLVYGTQTFYNAGIIYVEANHSVPKGHCRMVVKLMAYAYFASWGSYPILWAVGPEGLLKLSVYGSTVGHTIIDLMSKNCWGLLGHYLRVLIHEHILIHGDIRKTTKMEIGGEEVEVEEFVEEEDEDTV,-7.379938210822062,0
MGGAPAPDAHSAPPGNDSAAHIVMVDAYKPTKGGSEYHAPAGYQVNPPYHPVHGYEEQCSSIYIYYGTPGEKIGAQVCQWIAFSIAIALLTFYGFSAWKATCGWEEVYVCCVEVLFVTLEIFKEFSEPAVIYSSNGNKTVWLRYAEWLLTCPVILIHLSNITGLSEAYNKRTMALLVSDIGTIVWGTTAALSKGYVRVIFFLMGLCYGIYTFFNAAKVYIEANHSVPKGHCRMVVKLMAYAYFASWGSYPILWAVGPEGLLKLSVAGSTIGHTIADLLSKNIWGLLGHFLRIKIHEHILIHGDIRKTTKLNIGGTEIEVETLVEDEAEAGAV,-6.436780987668787,0
MSRLVAASWLLALLLCGITSTTTASAHIVMVDAYKPTKSAPAASSTDGTAAAAVSHYAMNGFDELAKGAVVPEDHFVCGPADKCYCSAWLHSRGALWEQETARGFQWFTFALSALCLMFYGYQTWKSTCGWEEIYVATIEMIKFIIEYFHEFDSPATVYLSTGNHAYCLRYFEWLLSCPVILIRLSNLSGLKNDYSKRTMGLIVSCVGMIVFGMAAGLATDWLKWLLYIVSCIYGGYMYFQAAKCYVEAYHTVPKGRCRQVVTGMAWLFFVSWLMFPGLFIFGPEGMHTLSVAGSTIGHTIADLLSKNIWGLLGHFLRIKIHEHILIHGDIRKTTKMEIGGEEVEVEEFVEEEDEDTV,-5.395644495280823,0
MSRLVAASWLLALLLCGITSTTTASAHIVMVDAYKPTKSAPAASSTDGTAAAAVSHYAMNGFDELAKGAVVPEDHFVCGPADKCYCSAWLHSRGALWEQETARGFQWFAFSIAIALLTFYGFSAWKATCGWEEVYVCCVEVLFVTLEIFKEFSSPAMLFLYGGNITPWLRYAEWLLTCPVILIHLSNLTGLANDYNKRTMGLLVSDIGTIVWGTTAALSKGYVRVIFFLMGLCYGIYTFFNAAKVYIEANHSVPKGHCRMVVKLMAYAYFASWLMFPGLFIFGPEGMHTLSPYANSIGHSICDIIAKEFWTFLAHHLRIKIHEHIIMYGDIRRPVSSQFLGRKVDVLAFVTEEDKV,-7.993460215889013,0
MSRLVAASWLLALLLCGITSTTTASAHIVMVDAYKPTKSAPAASSTDGTAAAAVSHYAMNGFDELAKGAVVPEDHFVCGPADKCYCSAWLHSRGTNAEKLAANILQWITFALSALCLMFYGYQTWKSTCGWEEIYVATIEMIKFIIEYFHEFDSPAMLFLYGGNITPWLRYAEWLLSCPVILIRLSNLSGLKNDYSKRTMGLIVSDLGTICMGVTAALATGWVKWLFYCIGLVYGTQTFYNAGIIYVEAYHTVPKGRCRQVVTGMAWLFFVSWLMFPGLFIFGPEGMHTLSPYANSIGHSICDIIAKEFWTFLAHHLRIKIHEHILIHGDIRKTTKMEIGGEEVEVEEFVEEEDEDTV,-8.359746838659895,0
MSRLVAASWLLALLLCGITSTTTASAHIVMVDAYKPTKSAPAASSTDGTAAAAVSHYAMNGFDELAKGAVVPEDHFVCGPADKCYCSAWLHSRGTNAEKLAANILQWIAVFLSALFLAFYGWHAYKASVGWEEVYVCSVELIKVILEIYFEFTSPATVYLSTGNHAYCLRYFEWLLTCPVILIHLSNLTGLANDYNKRTMGLLVSCVGMIVFGMAAGLATDWLKWLLYIVSCIYGGYMYFQAAKCYVEAYHTVPKGRCRQVVTGMAWLFFVSWGSYPILWAVGPEGLLKLSVAGSTIGHTIADLLSKNIWGLLGHFLRIKIHEHIIMYGDIRRPVSSQFLGRKVDVLAFVTEEDKV,-5.202960772973575,0
MGGAPAPDAHSAPPGNDSAAHIVMVDAYKPTKGGSEYHAPAGYQVNPPYHPVHGYEEQCSSIYIYYGALWEQETARGFQWFTFALSALCLMFYGYQTWKSTCGWEEIYVATIEMIKFIIEYFHEFDSPATVYLSTGNHAYCLRYFEWLLSCPVILIRLSNLSGLKNDYSKRTMGLIVSDLGTICMGVTAALATGWVKWLFYCIGLVYGTQTFYNAGIIYVESYYIMPAGGCKKLVLAMTAVYYSSWGSYPILWAVGPEGLLKLSPYANSIGHSICDIIAKEFWTFLAHHLRIKIHEHILIHGDIRKTTKLNIGGTEIEVETLVEDEAEAGAV,,0
MGGAPAPDAHSAPPGNDSAAHIVMVDAYKPTKGGSEYHAPAGYQVNPPYHPVHGYEEQCSSIYIYYGTNAEKLAANILQWIAVFLSALFLAFYGWHAYKASVGWEEVYVCSVELIKVILEIYFEFTEPAVIYSSNGNKTVWLRYAEWLLTCPVILIHLSNITGLSEAYNKRTMALLVSDIGTIVWGTTAALSKGYVRVIFFLMGLCYGIYTFFNAAKVYIEANHSVPKGHCRMVVKLMAYAYFASWLMFPGLFIFGPEGMHTLSPYANSIGHSICDIIAKEFWTFLAHHLRIKIHEHIIMYGDIRRPVSSQFLGRKVDVLAFVTEEDKV,-7.3196132933177775,0
MSRLVAASWLLALLLCGITSTTTASAHIVMVDAYKPTKSAPAASSTDGTAAAAVSHYAMNGFDELAKGAVVPEDHFVCGPADKCYCSAWLHSRGTPGEKIGAQVCQWITFALSALCLMFYGYQTWKSTCGWEEIYVATIEMIKFIIEYFHEFDSPAMLFLYGGNITPWLRYAEWLLTCPVILIHLSNLTGLANDYNKRTMGLLVSCVGMIVFGMAAGLATDWLKWLLYIVSCIYGGYMYFQAAKCYVESYYIMPAGGCKKLVLAMTAVYYSSWLMFPGLFIFGPEGMHTLSVYGSTVGHTIIDLMSKNCWGLLGHYLRVLIHEHIIMYGDIRRPVSSQFLGRKVDVLAFVTEEDKV,-7.141996997362572,0
MSRLVAASWLLALLLCGITSTTTASAHIVMVDAYKPTKSAPAASSTDGTAAAAVSHYAMNGFDELAKGAVVPEDHFVCGPADKCYCSAWLHSRGALWEQETARGFQWFAFSIAIALLTFYGFSAWKATCGWEEVYVCCVEVLFVTLEIFKEFSEPAVIYSSNGNKTVWLRYAEWLLTCPVILIHLSNITGLSEAYNKRTMALLVSCVGMIVFGMAAGLATDWLKWLLYIVSCIYGGYMYFQAAKCYVEANHSVPKGHCRMVVKLMAYAYFASWGMFPILFILGPEGFGVLSVAGSTIGHTIADLLSKNIWGLLGHFLRIKIHEHILIHGDIRKTTKLNIGGTEIEVETLVEDEAEAGAV,-7.12754277570154,0
MGGAPAPDAHSAPPGNDSAAHIVMVDAYKPTKGGSEYHAPAGYQVNPPYHPVHGYEEQCSSIYIYYGALWEQETARGFQWFAFSIAIALLTFYGFSAWKATCGWEEVYVCCVEVLFVTLEIFKEFSSPATVYLSTGNHAYCLRYFEWLLTCPVILIHLSNITGLSEAYNKRTMALLVSDLGTICMGVTAALATGWVKWLFYCIGLVYGTQTFYNAGIIYVEAYHTVPKGRCRQVVTGMAWLFFVSWGMFPILFILGPEGFGVLSPYANSIGHSICDIIAKEFWTFLAHHLRIKIHEHIIMYGDIRRPVSSQFLGRKVDVLAFVTEEDKV,-7.723165366142718,0
MGGAPAPDAHSAPPGNDSAAHIVMVDAYKPTKGGSEYHAPAGYQVNPPYHPVHGYEEQCSSIYIYYGTNAEKLAANILQWITFALSALCLMFYGYQTWKSTCGWEEIYVATIEMIKFIIEYFHEFDSPATVYLSTGNHAYCLRYFEWLLTCPVILIHLSNLTGLANDYNKRTMGLLVSCVGMIVFGMAAGLATDWLKWLLYIVSCIYGGYMYFQAAKCYVESYYIMPAGGCKKLVLAMTAVYYSSWGMFPILFILGPEGFGVLSVAGSTIGHTIADLLSKNIWGLLGHFLRIKIHEHIIMYGDIRRPVSSQFLGRKVDVLAFVTEEDKV,-6.970724932862983,0
MGGAPAPDAHSAPPGNDSAAHIVMVDAYKPTKGGSEYHAPAGYQVNPPYHPVHGYEEQCSSIYIYYGTNAEKLAANILQWIAFSIAIALLTFYGFSAWKATCGWEEVYVCCVEVLFVTLEIFKEFSSPAMLFLYGGNITPWLRYAEWLLSCPVILIRLSNLSGLKNDYSKRTMGLIVSDLGTICMGVTAALATGWVKWLFYCIGLVYGTQTFYNAGIIYVEANHSVPKGHCRMVVKLMAYAYFASWLMFPGLFIFGPEGMHTLSVYGSTVGHTIIDLMSKNCWGLLGHYLRVLIHEHILIHGDIRKTTKLNIGGTEIEVETLVEDEAEAGAV,-7.5167585099330925,0
MSRRPWLLALALAVALAAGSAGAAHIVMVDAYKPTKSTGSDATVPVATQDGPDYVFHRAHERMLFQTSYTLENNGSVICIPNNGQCFCLAWLKSNGALWEQETARGFQWFAVFLSALFLAFYGWHAYKASVGWEEVYVCSVELIKVILEIYFEFTEPAVIYSSGGNKTVWLRYAEWLLTCPVILIHLSNITGLSEAYNKRTMALLVSDLGTICMGVTAALATGWVKWLFYCIGLVYGTQTFYNAGIIYVESYYIMPAGGCKKLVLAMTAVYYSSWLMFPGLFIFGPEGMHTLSVAGSTIGHTIADLLSKNIWGLLGHFLRIKIHEHIIMYGDIRRPVSSQFLGRKVDVLAFVTEEDKV,-5.587718813645618,0
MSRRPWLLALALAVALAAGSAGAAHIVMVDAYKPTKSTGSDATVPVATQDGPDYVFHRAHERMLFQTSYTLENNGSVICIPNNGQCFCLAWLKSNGTPGEKIGAQVCQWIAFSIAIALLTFYGFSAWKATCGWEEVYVCCVEVLFVTLEIFKEFSEPAVIYSSTGNKTVCLRYFEWLLSCPVILIRLSNLSGLKNDYSKRTMGLIVSCVGMIVFGMAAGLATDWLKWLLYIVSCIYGGYMYFQAAKCYVEANHSVPKGHCRMVVKLMAYAYFASWGSYPILWAVGPEGLLKLSPYANSIGHSICDIIAKEFWTFLAHHLRIKIHEHILIHGDIRKTTKMEIGGEEVEVEEFVEEEDEDTV,-4.558817450583756,0
MSRRPWLLALALAVALAAGSAGAAHIVMVDAYKPTKSTGSDATVPVATQDGPDYVFHRAHERMLFQTSYTLENNGSVICIPNNGQCFCLAWLKSNGTNAEKLAANILQWITFALSALCLMFYGYQTWKSTCGWEEIYVATIEMIKFIIEYFHEFDEPAVIYSSNGNKTVWLRYAEWLLTCPVILIHLSNLTGLANDYNKRTMGLLVSDIGTIVWGTTAALSKGYVRVIFFLMGLCYGIYTFFNAAKVYIEAYHTVPKGRCRQVVTGMAWLFFVSWGMFPGLFIFGPEGMHTLSVYGSTVGHTIIDLMSKNCWGLLGHYLRVLIHEHILIHGDIRKTTKLNIGGTEIEVETLVEDEAEAGAV,-6.709785800218548,0
MSRRPWLLALALAVALAAGSAGAAHIVMVDAYKPTKSTGSDATVPVATQDGPDYVFHRAHERMLFQTSYTLENNGSVICIPNNGQCFCLAWLKSNGALWEQETARGFQWFAFFLSALFLAFYGYQTWKSTCGWEEIYVATIEMIKFIIEYFHEFDEPAVIYSSNGNKTVWLRYAEWLLTCPVILIHLSNLTGLANDYNKRTMGLLVSDIGTIVWGTTAALSKGYVRVIFFLMGLCYGIYTFFNAAKVYIEAYHTVPKGRCRQVVTGMAWLFFVSWGMFPILFILGPEGFGVLSVAGSTIGHTIADLLSKNIWGLLGHYLRVLIHEHILIHGDIRKTTKLNIGGTEIEVETLVEDEAEAGAV,-5.73331703632774,0
MSRRPWLLALALAVALAAGSAGAAHIVMVDAYKPTKSTGSDATVPVATQDGPDYVFHRAHERMLFQTSYTLENNGSVICIPNNGQCFCLAWLKSNGTNAEKLAANILQWITVALSALCLMFYGWHAYKASVGWEEVYVCSVELIKVILEIYFEFTEPAVIYSSNGNKTVWLRYAEWLLTCPVILIHLSNLTGLANDYNKRTMGLLVSDIGTIVWGTTAALSKGYVRVIFFLMGLCYGIYTFFNAAKVYIEAYHTVPKGRCRQVVTGMAWLFFVSWGMFPILFILGPEGFGVLSVYGSTVGHTIIDLMSKNCWGLLGHYLRVLIHEHILIHGDIRKTTKLNIGGTEIEVETLVEDEAEAGAV,-5.749568986531335,0
MSRRPWLLALALAVALAAGSAGAAHIVMVDAYKPTKSTGSDATVPVATQDGPDYVFHRAHERMLFQTSYTLENNGSVICIPNNGQCFCLAWLKSNGTNAEKLAANILQWITFALSALCLMFYGYQTWKSTCGWEEIYVATIEMIKFIIEYFHEFDEPAVIYSSNGNKTVWLRYAEWLLTCPVILIHLSNLTGLSEAYNKRTMGLLVSDIGTIVWGTTAALSKGYVRVIFFLMGLCYGIYTFFNAAKVYIEAYHTVPKGRCRQVVTGMAWLFFVSWGMFPILFILGPEGFGVLSVYGSTVGHTIIDLMSKNCWGLLGHYLRVLIHEHILIHGDIRKTTKLNIGGTEIEVETLVEDEAEAGAV,-5.206388367343241,0
MSRRPWLLALALAVALAAGSAGAAHIVMVDAYKPTKSTGSDATVPVATQDGPDYVFHRAHERMLFQTSYTLENNGSVICIPNNGQCFCLAWLKSNGTNAEKLAANILQWITFALSALCLMFYGYQTWKSTCGWEEIYVATIEMIKFIIEYFHEFDEPAVIYSSNGNKTVWLRYAEWLLTCPVILIHLSNITGLANDYNKRTMGLLVSDIGTIVWGTTAALSKGYVRVIFFLMGLCYGIYTFFNAAKVYIESYYIMPKGRCRQVVTGMAWLFFVSWGMFPILFILGPEGFGVLSVYGSTVGHTIIDLMSKNCWGLLGHYLRVLIHEHIIMYGDIRRPVSSQFLGRKVDVLAFVTEEDKV,-6.222980712367778,0
MSRRPWLLALALAVALAAGSAGAAHIVMVDAYKPTKSTGSDATVPVATQDGPDYVFHRAHERMLFQTSYTLENNGSVICIPNNGQCFCLAWLKSNGTNAEKLAANILQWITFALSALCLMFYGYQTWKSTCGWEEIYVATIEMIKFIIEYFHEFDEPAVIYSSNGNKTVWLRYAEWLLTCPVILIHLSNLTGLANDYNKRTMGLLVSDIGTIVWGTTAALSKGYVRVIFFLMGLCYGIYTFFNAAKVYIEAYHTVPAGGCKKLVLAMTAVYYSSWLMFPILFILGPEGFGVLSVYGSTVGHTIIDLMSKNCWGLLGHFLRIKIHEHILIHGDIRKTTKLNIGGTEIEVETLVEDEAEAGAV,-8.135108482126563,0
MSRRPWLLALALAVALAAGSAGAAHIVMVDAYKPTKSTGSDATVPVATQDGPDYVFHRAHERMLFQTSYTLENNGSVICIPNNGQCFCLAWLKSNGTNAEKLAANILQWITFALSALCLMFYGYQTWKSTCGWEEIYVATIEMIKFIIEYFHEFDEPAVIYSSNGNKTVWLRYAEWLLTCPVILIHLSNLTGLANDYNKRTMGLLVSDLGTICMGVTAALSKGYVRVIFFLMGLCYGIYTFFNAAKVYIEAYHTVPKGRCRQVVTGMAWLFFVSWGMFPILFILGPEGFGVLSVYGSTVGHTIIDLMSKNCWGLLGHYLRVLIHEHILIHGDIRKTTKLNIGGTEIEVETLVEDEAEAGAV,-6.977819960699303,0
MSRRPWLLALALAVALAAGSAGAAHIVMVDAYKPTKSTGSDATVPVATQDGPDYVFHRAHERMLFQTSYTLENNGSVICIPNNGQCFCLAWLKSNGTNAEKLAANILQWITFALSALCLMFYGYQTWKSTCGWEEIYVATIEMIKFIIEYFHEFDEPAVIYSSGGNKTVWLRYAEWLLTCPVILIHLSNLTGLANDYNKRTMGLLVSDIGTIVWGTTAALATGWVKWLFYCIGLVYGIYTFFNAAKVYIEAYHTVPKGRCRQVVTGMAWLFFVSWGMFPILFILGPEGFGVLSVYGSTVGHTIIDLMSKNCWGLLGHYLRVLIHEHILIHGDIRKTTKLNIGGTEIEVETLVEDEAEAGAV,-5.6881928391837775,0
MSRRPWLLALALAVALAAGSAGAAHIVMVDAYKPTKSTGSDATVPVATQDGPDYVFHRAHERMLFQTSYTLENNGSVICIPNNGQCFCLAWLKSNGTNAEKLAANILQWITFALSALCLMFYGYQTWKSTCGWEEIYVATIEMIKFIIEYFHEFDEPAVIYSSNGNKTVWLRYAEWLLTCPVILIHLSNLTGLANDYNKRTMALLVSDIGTIVWGTTAALSKGYVRVIFFLMGLCYGTQTFYNAGIIYVEAYHTVPKGRCRQVVTGMAWLFFVSWGMFPILFILGPEGFGVLSVYGSTVGHTIIDLMSKNCWGLLGHYLRVLIHEHILIHGDIRKTTKLNIGGTEIEVETLVEDEAEAGAV,-5.483585000857007,0
MSRRPWLLALALAVALAAGSAGAAHIVMVDAYKPTKSTGSDATVPVATQDGPDYVFHRAHERMLFQTSYTLENNGSVICIPNNGQCFCLAWLKSNGTNAEKLAANILQWITFALSALCLMFYGYQTWKSTCGWEEIYVATIEMIKFIIEYFHEFDEPAVIYSSNGNKTVWLRYAEWLLTCPVILIHLSNLTGLANDYNKRTMGLLVSDIGTIVWGTTAALSKGYVRVIFFLMGLCYGIYTFFNAAKVYIEAYHTVPKGRCRQVVTGMAWLFFVSWGMFPILWAVGPEGLLKLSVYGSTVGHTIIDLMSKNCWGLLGHYLRVLIHEHILIHGDIRKTTKLNIGGTEIEVETLVEDEAEAGAV,-6.315267818049118,0
MSRRPWLLALALAVALAAGSAGAAHIVMVDAYKPTKSTGSDATVPVATQDGPDYVFHRAHERMLFQTSYTLENNGSVICIPNNGQCFCLAWLKSNGTPGEKIGAQVCQWIAFSIAIALLTFYGYQTWKSTCGWEEIYVATIEMIKFIIEYFHEFDEPAVIYSSNGNKTVWLRYAEWLLTCPVILIRLSNLTGLANDYNKRTMGLLVSDIGTIVWGTTAALSKGYVRVIFFLMGLCYGIYTFFNAAKVYIEAYHTVPKGRCRQVVTGMAWLFFVSWGSYPILFILGPEGFGVLSPYANSIGHSICDIIAKEFWTFLAHYLRVLIHEHILIHGDIRKTTKLNIGGTEIEVETLVEDEAEAGAV,-4.719117050535875,0
MSRRPWLLALALAVALAAGSAGAAHIVMVDAYKPTKSTGSDATVPVATQDGPDYVFHRAHERMLFQTSYTLENNGSVICIPNNGQCFCLAWLKSNGTNAEKLAANILQWITFALSALCLMFYGFSAWKATCGWEEVYVCCVEVLFVTLEIFKEFSEPAVIYSSNGNKTVWLRYAEWLLSCPVILIHLSNLTGLANDYNKRTMGLLVSDIGTIVWGTTAALSKGYVRVIFFLMGLCYGIYTFFNAAKVYIEAYHTVPKGRCRQVVTGMAWLFFVSWGMFPILFILGPEGFGVLSVYGSTVGHTIIDLMSKNCWGLLGHYLRVLIHEHILIHGDIRKTTKLNIGGTEIEVETLVEDEAEAGAV,-6.5750272986407685,0
MSRRPWLLALALAVALAAGSAGAAHIVMVDAYKPTKSTGSDATVPVATQDGPDYVFHRAHERMLFQTSYTLENNGSVICIPNNGQCFCLAWLKSNGTNAEKLAANILQWITFALSALCLMFYGYQTWKSTCGWEEIYVATIEMIKFIIEYFHEFDEPAVIYSSNGNKTVWLRYAEWLLTCPVILIHLSNLTGLKNDYSKRTMGLLVSDIGTIVWGTTAALSKGYVRVIFFLMGLCYGIYTFFNAAKVYIEAYHTVPKGRCRQVVTGMAWLFFVSWGMFPILFILGPEGFGVLSVYGSTVGHTIIDLMSKNCWGLLGHYLRVLIHEHILIHGDIRKTTKLNIGGTEIEVETLVEDEAEAGAV,-6.222235866357328,0
MSRRPWLLALALAVALAAGSAGAAHIVMVDAYKPTKSTGSDATVPVATQDGPDYVFHRAHERMLFQTSYTLENNGSVICIPNNGQCFCLAWLKSNGTNAEKLAANILQWITFALSALCLMFYGYQTWKSTCGWEEIYVATIEMIKFIIEYFHEFDEPAVIYSSNGNKTVWLRYAEWLLTCPVILIHLSNLSGLANDYNKRTMGLLVSDIGTIVWGTTAALSKGYVRVIFFLMGLCYGIYTFFNAAKVYIEANHSVPKGRCRQVVTGMAWLFFVSWGMFPILFILGPEGFGVLSVYGSTVGHTIIDLMSKNCWGLLGHYLRVLIHEHILIHGDIRKTTKMEIGGEEVEVEEFVEEEDEDTV,-8.29923749627917,0
MSRRPWLLALALAVALAAGSAGAAHIVMVDAYKPTKSTGSDATVPVATQDGPDYVFHRAHERMLFQTSYTLENNGSVICIPNNGQCFCLAWLKSNGTNAEKLAANILQWITFALSALCLMFYGYQTWKSTCGWEEIYVATIEMIKFIIEYFHEFDEPAVIYSSNGNKTVWLRYAEWLLTCPVILIHLSNLTGLANDYNKRTMGLLVSDIGTIVWGTTAALSKGYVRVIFFLMGLCYGIYTFFNAAKVYIEAYHTVPKGHCRMVVKLMAYAYFASWGMFPILFILGPEGFGVLSVYGSTVGHTIIDLMSKNCWGLLGHHLRIKIHEHILIHGDIRKTTKLNIGGTEIEVETLVEDEAEAGAV,-7.112515562930268,0
MSRRPWLLALALAVALAAGSAGAAHIVMVDAYKPTKSTGSDATVPVATQDGPDYVFHRAHERMLFQTSYTLENNGSVICIPNNGQCFCLAWLKSNGTNAEKLAANILQWITFALSALCLMFYGYQTWKSTCGWEEIYVATIEMIKFIIEYFHEFDEPAVIYSSNGNKTVCLRYFEWLLTCPVILIHLSNLTGLANDYNKRTMGLIVSCVGMIVFGMAAGLSKGYVRVIFFLMGLCYGIYTFFNAAKVYIEAYHTVPKGRCRQVVTGMAWLFFVSWGMFPILFILGPEGFGVLSVYGSTVGHTIIDLMSKNCWGLLGHYLRVLIHEHILIHGDIRKTTKLNIGGTEIEVETLVEDEAEAGAV,-6.2249740524313975,0
MSRRPWLLALALAVALAAGSAGAAHIVMVDAYKPTKSTGSDATVPVATQDGPDYVFHRAHERMLFQTSYTLENNGSVICIPNNGQCFCLAWLKSNGTNAEKLAANILQWITFALSALCLMFYGYQTWKSTCGWEEIYVATIEMIKFIIEYFHEFDEPAVIYSSTGNKTVWLRYAEWLLTCPVILIHLSNLTGLANDYNKRTMGLLVSDIGTIVWGTTAALATDWLKWLLYIVSCIYGIYTFFNAAKVYIEAYHTVPKGRCRQVVTGMAWLFFVSWGMFPILFILGPEGFGVLSVYGSTVGHTIIDLMSKNCWGLLGHYLRVLIHEHILIHGDIRKTTKLNIGGTEIEVETLVEDEAEAGAV,-6.304185064160062,0
MSRRPWLLALALAVALAAGSAGAAHIVMVDAYKPTKSTGSDATVPVATQDGPDYVFHRAHERMLFQTSYTLENNGSVICIPNNGQCFCLAWLKSNGTNAEKLAANILQWITFALSALCLMFYGYQTWKSTCGWEEIYVATIEMIKFIIEYFHEFDEPAVIYSSNGNKTVWLRYAEWLLTCPVILIHLSNLTGLANDYNKRTMGLLVSDIGTIVWGTTAALSKGYVRVIFFLMGLCYGGYMYFQAAKCYVEAYHTVPKGRCRQVVTGMAWLFFVSWGMFPILFILGPEGFGVLSVYGSTVGHTIIDLMSKNCWGLLGHYLRVLIHEHILIHGDIRKTTKLNIGGTEIEVETLVEDEAEAGAV,-5.675591751285612,0
MSRRPWLLALALAVALAAGSAGAAHIVMVDAYKPTKSTGSDATVPVATQDGPDYVFHRAHERMLFQTSYTLENNGSVICIPNNGQCFCLAWLKSNGTPGEKIGAQVCQWIAFSIAIALLTFYGYQTWKSTCGWEEIYVATIEMIKFIIEYFHEFDEPAVIYSSNGNKTVCLRYFEWLLTCPVILIRLSNLTGLKNDYSKRTMGLIVSCVGMIVFGMAAGLSKGYVRVIFFLMGLCYGGYMYFQAAKCYVEAYHTVPKGRCRQVVTGMAWLFFVSWGSYPILWAVGPEGLLKLSPYANSIGHSICDIIAKEFWTFLAHYLRVLIHEHILIHGDIRKTTKLNIGGTEIEVETLVEDEAEAGAV,-5.951019832085327,0
MSRRPWLLALALAVALAAGSAGAAHIVMVDAYKPTKSTGSDATVPVATQDGPDYVFHRAHERMLFQTSYTLENNGSVICIPNNGQCFCLAWLKSNGTNAEKLAANILQWITFALSALCLMFYGFSAWKATCGWEEVYVCCVEVLFVTLEIFKEFSEPAVIYSSTGNKTVWLRYAEWLLSCPVILIHLSNLSGLANDYNKRTMGLLVSDIGTIVWGTTAALATDWLKWLLYIVSCIYGIYTFFNAAKVYIEANHSVPKGHCRMVVKLMAYAYFASWGMFPILFILGPEGFGVLSVYGSTVGHTIIDLMSKNCWGLLGHHLRIKIHEHILIHGDIRKTTKMEIGGEEVEVEEFVEEEDEDTV,-7.492004982128037,0
MSRRPWLLALALAVALAAGSAGAAHIVMVDAYKPTKSTGSDATVPVATQDGPDYVFHRAHERMLFQTSYTLENNGSVICIPNNGQCFCLAWLKSNGTPGEKIGAQVCQWIAFSIAIALLTFYGFSAWKATCGWEEVYVCCVEVLFVTLEIFKEFSEPAVIYSSTGNKTVCLRYFEWLLSCPVILIRLSNITGLSEAYNKRTMALIVSCVGMIVFGMAAGLATDWLKWLLYIVSCIYGTQTFYNAGIIYVESYYIMPKGHCRMVVKLMAYAYFASWGSYPGLFIFGPEGMHTLSPYANSIGHSICDIIAKEFWTFLAHHLRIKIHEHIIMYGDIRRPVSSQFLGRKVDVLAFVTEEDKV,-7.477058965090089,0
MSRRPWLLALALAVALAAGSAGAAHIVMVDAYKPTKSTGSDATVPVATQDGPDYVFHRAHERMLFQTSYTLENNGSVICIPNNGQCFCLAWLKSNGTNAEKLAANILQWITFALSALCLMFYGYQTWKSTCGWEEIYVATIEMIKFIIEYFHEFDEPAVIYSSTGNKTVCLRYFEWLLTCPVILIHLSNITGLKNDYSKRTMGLIVSCVGMIVFGMAAGLATDWLKWLLYIVSCIYGGYMYFQAAKCYVESYYIMPAGGCKKLVLAMTAVYYSSWLMFPILWAVGPEGLLKLSVYGSTVGHTIIDLMSKNCWGLLGHFLRIKIHEHIIMYGDIRRPVSSQFLGRKVDVLAFVTEEDKV,-6.743875944193901,0
MSRRPWLLALALAVALAAGSAGAAHIVMVDAYKPTKSTGSDATVPVATQDGPDYVFHRAHERMLFQTSYTLENNGSVICIPNNGQCFCLAWLKSNGALWEQETARGFQWFAFFLSALFLAFYGFSAWKATCGWEEVYVCCVEVLFVTLEIFKEFSEPAVIYSSNGNKTVCLRYFEWLLSCPVILIHLSNITGLKNDYSKRTMGLIVSCVGMIVFGMAAGLSKGYVRVIFFLMGLCYGIYTFFNAAKVYIESYYIMPKGRCRQVVTGMAWLFFVSWGMFPILFILGPEGFGVLSVAGSTIGHTIADLLSKNIWGLLGHYLRVLIHEHIIMYGDIRRPVSSQFLGRKVDVLAFVTEEDKV,-4.999097941049065,0
MSRRPWLLALALAVALAAGSAGAAHIVMVDAYKPTKSTGSDATVPVATQDGPDYVFHRAHERMLFQTSYTLENNGSVICIPNNGQCFCLAWLKSNGTPGEKIGAQVCQWIAVSIAIALLTFYGWHAYKASVGWEEVYVCSVELIKVILEIYFEFTEPAVIYSSNGNKTVWLRYAEWLLTCPVILIRLSNITGLKNDYSKRTMGLLVSDIGTIVWGTTAALSKGYVRVIFFLMGLCYGIYTFFNAAKVYIESYYIMPAGGCKKLVLAMTAVYYSSWLSYPILFILGPEGFGVLSPYANSIGHSICDIIAKEFWTFLAHFLRIKIHEHIIMYGDIRRPVSSQFLGRKVDVLAFVTEEDKV,-7.041057436612152,0
MSRRPWLLALALAVALAAGSAGAAHIVMVDAYKPTKSTGSDATVPVATQDGPDYVFHRAHERMLFQTSYTLENNGSVICIPNNGQCFCLAWLKSNGTNAEKLAANILQWITFALSALCLMFYGYQTWKSTCGWEEIYVATIEMIKFIIEYFHEFDEPAVIYSSNGNKTVWLRYAEWLLTCPVILIHLSNITGLSEAYNKRTMALLVSDIGTIVWGTTAALSKGYVRVIFFLMGLCYGTQTFYNAGIIYVESYYIMPKGRCRQVVTGMAWLFFVSWGMFPGLFIFGPEGMHTLSVYGSTVGHTIIDLMSKNCWGLLGHYLRVLIHEHIIMYGDIRRPVSSQFLGRKVDVLAFVTEEDKV,-7.359947635110199,0
MSRRPWLLALALAVALAAGSAGAAHIVMVDAYKPTKSTGSDATVPVATQDGPDYVFHRAHERMLFQTSYTLENNGSVICIPNNGQCFCLAWLKSNGTNAEKLAANILQWITVALSALCLMFYGWHAYKASVGWEEVYVCSVELIKVILEIYFEFTEPAVIYSSNGNKTVCLRYFEWLLTCPVILIHLSNLTGLSEAYNKRTMALIVSCVGMIVFGMAAGLSKGYVRVIFFLMGLCYGTQTFYNAGIIYVEAYHTVPAGGCKKLVLAMTAVYYSSWLMFPILFILGPEGFGVLSVYGSTVGHTIIDLMSKNCWGLLGHFLRIKIHEHILIHGDIRKTTKLNIGGTEIEVETLVEDEAEAGAV,-7.972632247347034,0
MSRRPWLLALALAVALAAGSAGAAHIVMVDAYKPTKSTGSDATVPVATQDGPDYVFHRAHERMLFQTSYTLENNGSVICIPNNGQCFCLAWLKSNGALWEQETARGFQWFAFFLSALFLAFYGYQTWKSTCGWEEIYVATIEMIKFIIEYFHEFDEPAVIYSSNGNKTVWLRYAEWLLTCPVILIHLSNLSGLKNDYSKRTMALLVSDIGTIVWGTTAALSKGYVRVIFFLMGLCYGTQTFYNAGIIYVEANHSVPKGHCRMVVKLMAYAYFASWGMFPILWAVGPEGLLKLSVAGSTIGHTIADLLSKNIWGLLGHHLRIKIHEHILIHGDIRKTTKMEIGGEEVEVEEFVEEEDEDTV,-8.402091964503104,0
MSRRPWLLALALAVALAAGSAGAAHIVMVDAYKPTKSTGSDATVPVATQDGPDYVFHRAHERMLFQTSYTLENNGSVICIPNNGQCFCLAWLKSNGTNAEKLAANILQWITVALSALCLMFYGWHAYKASVGWEEVYVCSVELIKVILEIYFEFTEPAVIYSSNGNKTVWLRYAEWLLTCPVILIHLSNITGLSEAYNKRTMGLLVSDLGTICMGVTAALSKGYVRVIFFLMGLCYGGYMYFQAAKCYVESYYIMPKGHCRMVVKLMAYAYFASWGMFPILWAVGPEGLLKLSVYGSTVGHTIIDLMSKNCWGLLGHHLRIKIHEHIIMYGDIRRPVSSQFLGRKVDVLAFVTEEDKV,-5.7929627601304565,0
MSRRPWLLALALAVALAAGSAGAAHIVMVDAYKPTKSTGSDATVPVATQDGPDYVFHRAHERMLFQTSYTLENNGSVICIPNNGQCFCLAWLKSNGALWEQETARGFQWFAFFLSALFLAFYGFSAWKATCGWEEVYVCCVEVLFVTLEIFKEFSEPAVIYSSNGNKTVWLRYAEWLLSCPVILIHLSNLTGLSEAYNKRTMGLLVSDIGTIVWGTTAALSKGYVRVIFFLMGLCYGGYMYFQAAKCYVEAYHTVPAGGCKKLVLAMTAVYYSSWLMFPGLFIFGPEGMHTLSVAGSTIGHTIADLLSKNIWGLLGHFLRIKIHEHILIHGDIRKTTKLNIGGTEIEVETLVEDEAEAGAV,-7.354080449503878,0
MSRRPWLLALALAVALAAGSAGAAHIVMVDAYKPTKSTGSDATVPVATQDGPDYVFHRAHERMLFQTSYTLENNGSVICIPNNGQCFCLAWLKSNGALWEQETARGFQWFAVFLSALFLAFYGWHAYKASVGWEEVYVCSVELIKVILEIYFEFTEPAVIYSSTGNKTVCLRYFEWLLTCPVILIHLSNLSGLSEAYNKRTMGLIVSCVGMIVFGMAAGLATDWLKWLLYIVSCIYGGYMYFQAAKCYVEANHSVPKGRCRQVVTGMAWLFFVSWGMFPGLFIFGPEGMHTLSVAGSTIGHTIADLLSKNIWGLLGHYLRVLIHEHILIHGDIRKTTKMEIGGEEVEVEEFVEEEDEDTV,-7.793345450173909,0
MSRRPWLLALALAVALAAGSAGAAHIVMVDAYKPTKSTGSDATVPVATQDGPDYVFHRAHERMLFQTSYTLENNGSVICIPNNGQCFCLAWLKSNGALWEQETARGFQWFAFFLSALFLAFYGYQTWKSTCGWEEIYVATIEMIKFIIEYFHEFDEPAVIYSSTGNKTVWLRYAEWLLTCPVILIHLSNLTGLSEAYNKRTMGLLVSDLGTICMGVTAALATDWLKWLLYIVSCIYGIYTFFNAAKVYIEAYHTVPKGHCRMVVKLMAYAYFASWGMFPILFILGPEGFGVLSVAGSTIGHTIADLLSKNIWGLLGHHLRIKIHEHILIHGDIRKTTKLNIGGTEIEVETLVEDEAEAGAV,,0
MSRRPWLLALALAVALAAGSAGAAHIVMVDAYKPTKSTGSDATVPVATQDGPDYVFHRAHERMLFQTSYTLENNGSVICIPNNGQCFCLAWLKSNGALWEQETARGFQWFAVFLSALFLAFYGWHAYKASVGWEEVYVCSVELIKVILEIYFEFTEPAVIYSSTGNKTVWLRYAEWLLTCPVILIHLSNLTGLKNDYSKRTMALLVSDIGTIVWGTTAALATDWLKWLLYIVSCIYGTQTFYNAGIIYVEAYHTVPKGRCRQVVTGMAWLFFVSWGMFPILWAVGPEGLLKLSVAGSTIGHTIADLLSKNIWGLLGHYLRVLIHEHILIHGDIRKTTKLNIGGTEIEVETLVEDEAEAGAV,-7.603076627631569,0
MSRRPWLLALALAVALAAGSAGAAHIVMVDAYKPTKSTGSDATVPVATQDGPDYVFHRAHERMLFQTSYTLENNGSVICIPNNGQCFCLAWLKSNGTPGEKIGAQVCQWIAFSIAIALLTFYGFSAWKATCGWEEVYVCCVEVLFVTLEIFKEFSEPAVIYSSTGNKTVWLRYAEWLLSCPVILIRLSNLSGLSEAYNKRTMALLVSDLGTICMGVTAALATDWLKWLLYIVSCIYGTQTFYNAGIIYVEANHSVPAGGCKKLVLAMTAVYYSSWLSYPILWAVGPEGLLKLSPYANSIGHSICDIIAKEFWTFLAHFLRIKIHEHILIHGDIRKTTKMEIGGEEVEVEEFVEEEDEDTV,-8.743963500717465,0
MGGAPAPDAHSAPPGNDSAAHIVMVDAYKPTKGGSEYHAPAGYQVNPPYHPVHGYEEQCSSIYIYYGALWEQETARGFQWFAVFLSALFLAFYGWHAYKASVGWEEVYVCSVELIKVILEIYFEFTSPAMLFLYGGNITPWLRYAEWLLTCPVILIHLSNITGLSEAYNKRTMALLVSDLGTICMGVTAALATGWVKWLFYCIGLVYGTQTFYNAGIIYVESYYIMPAGGCKKLVLAMTAVYYSSWLMFPILFILGPEGFGVLSVAGSTIGHTIADLLSKNIWGLLGHFLRIKIHEHIIMYGDIRRPVSSQFLGRKVDVLAFVTEEDKV,-6.086948143042816,0
MGGAPAPDAHSAPPGNDSAAHIVMVDAYKPTKGGSEYHAPAGYQVNPPYHPVHGYEEQCSSIYIYYGTNAEKLAANILQWITVALSALCLMFYGWHAYKASVGWEEVYVCSVELIKVILEIYFEFTSPAMLFLYGGNITPWLRYAEWLLTCPVILIHLSNITGLSEAYNKRTMALLVSDLGTICMGVTAALATGWVKWLFYCIGLVYGTQTFYNAGIIYVESYYIMPAGGCKKLVLAMTAVYYSSWLMFPGLFIFGPEGMHTLSVYGSTVGHTIIDLMSKNCWGLLGHFLRIKIHEHIIMYGDIRRPVSSQFLGRKVDVLAFVTEEDKV,-7.729750228413137,0
MGGAPAPDAHSAPPGNDSAAHIVMVDAYKPTKGGSEYHAPAGYQVNPPYHPVHGYEEQCSSIYIYYGALWEQETARGFQWFAFFLSALFLAFYGYQTWKSTCGWEEIYVATIEMIKFIIEYFHEFDSPAMLFLYGGNITPWLRYAEWLLTCPVILIHLSNITGLSEAYNKRTMALLVSDLGTICMGVTAALATGWVKWLFYCIGLVYGTQTFYNAGIIYVESYYIMPAGGCKKLVLAMTAVYYSSWLMFPGLFIFGPEGMHTLSVAGSTIGHTIADLLSKNIWGLLGHFLRIKIHEHIIMYGDIRRPVSSQFLGRKVDVLAFVTEEDKV,-6.435581273863229,0
MGGAPAPDAHSAPPGNDSAAHIVMVDAYKPTKGGSEYHAPAGYQVNPPYHPVHGYEEQCSSIYIYYGALWEQETARGFQWFAVFLSALFLAFYGWHAYKASVGWEEVYVCSVELIKVILEIYFEFTSPAMLFLYGGNITPWLRYAEWLLTCPVILIHLSNITGLANDYNKRTMALLVSDLGTICMGVTAALATGWVKWLFYCIGLVYGTQTFYNAGIIYVESYYIMPAGGCKKLVLAMTAVYYSSWLMFPGLFIFGPEGMHTLSVAGSTIGHTIADLLSKNIWGLLGHFLRIKIHEHIIMYGDIRRPVSSQFLGRKVDVLAFVTEEDKV,-5.463833086780952,0
MGGAPAPDAHSAPPGNDSAAHIVMVDAYKPTKGGSEYHAPAGYQVNPPYHPVHGYEEQCSSIYIYYGALWEQETARGFQWFAVFLSALFLAFYGWHAYKASVGWEEVYVCSVELIKVILEIYFEFTSPAMLFLYGGNITPWLRYAEWLLTCPVILIHLSNLTGLSEAYNKRTMALLVSDLGTICMGVTAALATGWVKWLFYCIGLVYGTQTFYNAGIIYVEAYHTVPAGGCKKLVLAMTAVYYSSWLMFPGLFIFGPEGMHTLSVAGSTIGHTIADLLSKNIWGLLGHFLRIKIHEHILIHGDIRKTTKLNIGGTEIEVETLVEDEAEAGAV,-5.589646359982146,0
MGGAPAPDAHSAPPGNDSAAHIVMVDAYKPTKGGSEYHAPAGYQVNPPYHPVHGYEEQCSSIYIYYGALWEQETARGFQWFAVFLSALFLAFYGWHAYKASVGWEEVYVCSVELIKVILEIYFEFTSPAMLFLYGGNITPWLRYAEWLLTCPVILIHLSNITGLSEAYNKRTMALLVSDLGTICMGVTAALATGWVKWLFYCIGLVYGTQTFYNAGIIYVESYYIMPKGRCRQVVTGMAWLFFVSWGMFPGLFIFGPEGMHTLSVAGSTIGHTIADLLSKNIWGLLGHYLRVLIHEHIIMYGDIRRPVSSQFLGRKVDVLAFVTEEDKV,-6.099982560129262,0
MGGAPAPDAHSAPPGNDSAAHIVMVDAYKPTKGGSEYHAPAGYQVNPPYHPVHGYEEQCSSIYIYYGALWEQETARGFQWFAVFLSALFLAFYGWHAYKASVGWEEVYVCSVELIKVILEIYFEFTSPAMLFLYGGNITPWLRYAEWLLTCPVILIHLSNITGLSEAYNKRTMALLVSDIGTIVWGTTAALATGWVKWLFYCIGLVYGTQTFYNAGIIYVESYYIMPAGGCKKLVLAMTAVYYSSWLMFPGLFIFGPEGMHTLSVAGSTIGHTIADLLSKNIWGLLGHFLRIKIHEHIIMYGDIRRPVSSQFLGRKVDVLAFVTEEDKV,-5.794704758333088,0
MGGAPAPDAHSAPPGNDSAAHIVMVDAYKPTKGGSEYHAPAGYQVNPPYHPVHGYEEQCSSIYIYYGALWEQETARGFQWFAVFLSALFLAFYGWHAYKASVGWEEVYVCSVELIKVILEIYFEFTSPAMLFLYNGNITPWLRYAEWLLTCPVILIHLSNITGLSEAYNKRTMALLVSDLGTICMGVTAALSKGYVRVIFFLMGLCYGTQTFYNAGIIYVESYYIMPAGGCKKLVLAMTAVYYSSWLMFPGLFIFGPEGMHTLSVAGSTIGHTIADLLSKNIWGLLGHFLRIKIHEHIIMYGDIRRPVSSQFLGRKVDVLAFVTEEDKV,-6.164881645817131,0
MGGAPAPDAHSAPPGNDSAAHIVMVDAYKPTKGGSEYHAPAGYQVNPPYHPVHGYEEQCSSIYIYYGALWEQETARGFQWFAVFLSALFLAFYGWHAYKASVGWEEVYVCSVELIKVILEIYFEFTSPAMLFLYGGNITPWLRYAEWLLTCPVILIHLSNITGLSEAYNKRTMGLLVSDLGTICMGVTAALATGWVKWLFYCIGLVYGIYTFFNAAKVYIESYYIMPAGGCKKLVLAMTAVYYSSWLMFPGLFIFGPEGMHTLSVAGSTIGHTIADLLSKNIWGLLGHFLRIKIHEHIIMYGDIRRPVSSQFLGRKVDVLAFVTEEDKV,-6.187468874223483,0
MGGAPAPDAHSAPPGNDSAAHIVMVDAYKPTKGGSEYHAPAGYQVNPPYHPVHGYEEQCSSIYIYYGALWEQETARGFQWFAVFLSALFLAFYGWHAYKASVGWEEVYVCSVELIKVILEIYFEFTSPAMLFLYGGNITPWLRYAEWLLTCPVILIHLSNITGLSEAYNKRTMALLVSDLGTICMGVTAALATGWVKWLFYCIGLVYGTQTFYNAGIIYVESYYIMPAGGCKKLVLAMTAVYYSSWLMFPILWAVGPEGLLKLSVAGSTIGHTIADLLSKNIWGLLGHFLRIKIHEHIIMYGDIRRPVSSQFLGRKVDVLAFVTEEDKV,-5.605247469738862,0
MGGAPAPDAHSAPPGNDSAAHIVMVDAYKPTKGGSEYHAPAGYQVNPPYHPVHGYEEQCSSIYIYYGTPGEKIGAQVCQWIAVSIAIALLTFYGWHAYKASVGWEEVYVCSVELIKVILEIYFEFTSPAMLFLYGGNITPWLRYAEWLLTCPVILIRLSNITGLSEAYNKRTMALLVSDLGTICMGVTAALATGWVKWLFYCIGLVYGTQTFYNAGIIYVESYYIMPAGGCKKLVLAMTAVYYSSWLSYPGLFIFGPEGMHTLSPYANSIGHSICDIIAKEFWTFLAHFLRIKIHEHIIMYGDIRRPVSSQFLGRKVDVLAFVTEEDKV,-7.495966273349671,0
MGGAPAPDAHSAPPGNDSAAHIVMVDAYKPTKGGSEYHAPAGYQVNPPYHPVHGYEEQCSSIYIYYGALWEQETARGFQWFAFFLSALFLAFYGFSAWKATCGWEEVYVCCVEVLFVTLEIFKEFSSPAMLFLYGGNITPWLRYAEWLLSCPVILIHLSNITGLSEAYNKRTMALLVSDLGTICMGVTAALATGWVKWLFYCIGLVYGTQTFYNAGIIYVESYYIMPAGGCKKLVLAMTAVYYSSWLMFPGLFIFGPEGMHTLSVAGSTIGHTIADLLSKNIWGLLGHFLRIKIHEHIIMYGDIRRPVSSQFLGRKVDVLAFVTEEDKV,-8.8749984685552,0
MGGAPAPDAHSAPPGNDSAAHIVMVDAYKPTKGGSEYHAPAGYQVNPPYHPVHGYEEQCSSIYIYYGALWEQETARGFQWFAVFLSALFLAFYGWHAYKASVGWEEVYVCSVELIKVILEIYFEFTSPAMLFLYGGNITPWLRYAEWLLTCPVILIHLSNITGLKNDYSKRTMALLVSDLGTICMGVTAALATGWVKWLFYCIGLVYGTQTFYNAGIIYVESYYIMPAGGCKKLVLAMTAVYYSSWLMFPGLFIFGPEGMHTLSVAGSTIGHTIADLLSKNIWGLLGHFLRIKIHEHIIMYGDIRRPVSSQFLGRKVDVLAFVTEEDKV,-6.578239299103505,0
MGGAPAPDAHSAPPGNDSAAHIVMVDAYKPTKGGSEYHAPAGYQVNPPYHPVHGYEEQCSSIYIYYGALWEQETARGFQWFAVFLSALFLAFYGWHAYKASVGWEEVYVCSVELIKVILEIYFEFTSPAMLFLYGGNITPWLRYAEWLLTCPVILIHLSNLSGLSEAYNKRTMALLVSDLGTICMGVTAALATGWVKWLFYCIGLVYGTQTFYNAGIIYVEANHSVPAGGCKKLVLAMTAVYYSSWLMFPGLFIFGPEGMHTLSVAGSTIGHTIADLLSKNIWGLLGHFLRIKIHEHILIHGDIRKTTKMEIGGEEVEVEEFVEEEDEDTV,-8.622125342490829,0
MGGAPAPDAHSAPPGNDSAAHIVMVDAYKPTKGGSEYHAPAGYQVNPPYHPVHGYEEQCSSIYIYYGALWEQETARGFQWFAVFLSALFLAFYGWHAYKASVGWEEVYVCSVELIKVILEIYFEFTSPAMLFLYGGNITPWLRYAEWLLTCPVILIHLSNITGLSEAYNKRTMALLVSDLGTICMGVTAALATGWVKWLFYCIGLVYGTQTFYNAGIIYVESYYIMPKGHCRMVVKLMAYAYFASWGMFPGLFIFGPEGMHTLSVAGSTIGHTIADLLSKNIWGLLGHHLRIKIHEHIIMYGDIRRPVSSQFLGRKVDVLAFVTEEDKV,-9.513216858041744,0
MSRLVAASWLLALLLCGITSTTTASAHIVMVDAYKPTKSAPAASSTDGTAAAAVSHYAMNGFDELAKGAVVPEDHFVCGPADKCYCSAWLHSRGALWEQETARGFQWFAVFLSALFLAFYGWHAYKASVGWEEVYVCSVELIKVILEIYFEFTSPATVYLSGGNHAYWLRYAEWLLTCPVILIHLSNITGLSEAYNKRTMALLVSDLGTICMGVTAALATGWVKWLFYCIGLVYGTQTFYNAGIIYVESYYIMPAGGCKKLVLAMTAVYYSSWLMFPGLFIFGPEGMHTLSVAGSTIGHTIADLLSKNIWGLLGHFLRIKIHEHIIMYGDIRRPVSSQFLGRKVDVLAFVTEEDKV,-4.78760150401719,0
MGGAPAPDAHSAPPGNDSAAHIVMVDAYKPTKGGSEYHAPAGYQVNPPYHPVHGYEEQCSSIYIYYGALWEQETARGFQWFAVFLSALFLAFYGWHAYKASVGWEEVYVCSVELIKVILEIYFEFTSPAMLFLYGGNITPCLRYFEWLLTCPVILIHLSNITGLSEAYNKRTMALIVSCVGMIVFGMAAGLATGWVKWLFYCIGLVYGTQTFYNAGIIYVESYYIMPAGGCKKLVLAMTAVYYSSWLMFPGLFIFGPEGMHTLSVAGSTIGHTIADLLSKNIWGLLGHFLRIKIHEHIIMYGDIRRPVSSQFLGRKVDVLAFVTEEDKV,-5.976481335612996,0
MGGAPAPDAHSAPPGNDSAAHIVMVDAYKPTKGGSEYHAPAGYQVNPPYHPVHGYEEQCSSIYIYYGALWEQETARGFQWFAVFLSALFLAFYGWHAYKASVGWEEVYVCSVELIKVILEIYFEFTSPAMLFLYTGNITPWLRYAEWLLTCPVILIHLSNITGLSEAYNKRTMALLVSDLGTICMGVTAALATDWLKWLLYIVSCIYGTQTFYNAGIIYVESYYIMPAGGCKKLVLAMTAVYYSSWLMFPGLFIFGPEGMHTLSVAGSTIGHTIADLLSKNIWGLLGHFLRIKIHEHIIMYGDIRRPVSSQFLGRKVDVLAFVTEEDKV,-7.807595902051432,0
MGGAPAPDAHSAPPGNDSAAHIVMVDAYKPTKGGSEYHAPAGYQVNPPYHPVHGYEEQCSSIYIYYGALWEQETARGFQWFAVFLSALFLAFYGWHAYKASVGWEEVYVCSVELIKVILEIYFEFTSPAMLFLYGGNITPWLRYAEWLLTCPVILIHLSNITGLSEAYNKRTMGLLVSDLGTICMGVTAALATGWVKWLFYCIGLVYGGYMYFQAAKCYVESYYIMPAGGCKKLVLAMTAVYYSSWLMFPGLFIFGPEGMHTLSVAGSTIGHTIADLLSKNIWGLLGHFLRIKIHEHIIMYGDIRRPVSSQFLGRKVDVLAFVTEEDKV,-6.781133718515557,0
MSRLVAASWLLALLLCGITSTTTASAHIVMVDAYKPTKSAPAASSTDGTAAAAVSHYAMNGFDELAKGAVVPEDHFVCGPADKCYCSAWLHSRGALWEQETARGFQWFAFFLSALFLAFYGFSAWKATCGWEEVYVCCVEVLFVTLEIFKEFSSPATVYLSTGNHAYCLRYFEWLLSCPVILIHLSNLSGLKNDYSKRTMGLIVSCVGMIVFGMAAGLATDWLKWLLYIVSCIYGGYMYFQAAKCYVEANHSVPKGHCRMVVKLMAYAYFASWGMFPILWAVGPEGLLKLSVAGSTIGHTIADLLSKNIWGLLGHHLRIKIHEHILIHGDIRKTTKMEIGGEEVEVEEFVEEEDEDTV,-7.232986764011962,0
MSRLVAASWLLALLLCGITSTTTASAHIVMVDAYKPTKSAPAASSTDGTAAAAVSHYAMNGFDELAKGAVVPEDHFVCGPADKCYCSAWLHSRGTPGEKIGAQVCQWIAVSIAIALLTFYGWHAYKASVGWEEVYVCSVELIKVILEIYFEFTSPATVYLSTGNHAYCLRYFEWLLTCPVILIRLSNLSGLKNDYSKRTMGLIVSCVGMIVFGMAAGLATDWLKWLLYIVSCIYGGYMYFQAAKCYVEANHSVPKGHCRMVVKLMAYAYFASWGSYPILWAVGPEGLLKLSPYANSIGHSICDIIAKEFWTFLAHHLRIKIHEHILIHGDIRKTTKMEIGGEEVEVEEFVEEEDEDTV,-4.3538628955271035,0
MSRLVAASWLLALLLCGITSTTTASAHIVMVDAYKPTKSAPAASSTDGTAAAAVSHYAMNGFDELAKGAVVPEDHFVCGPADKCYCSAWLHSRGTPGEKIGAQVCQWIAFSIAIALLTFYGFSAWKATCGWEEVYVCCVEVLFVTLEIFKEFSSPATVYLSTGNHAYCLRYFEWLLSCPVILIRLSNLSGLSEAYNKRTMGLIVSCVGMIVFGMAAGLATDWLKWLLYIVSCIYGGYMYFQAAKCYVEANHSVPKGHCRMVVKLMAYAYFASWGSYPILWAVGPEGLLKLSPYANSIGHSICDIIAKEFWTFLAHHLRIKIHEHILIHGDIRKTTKMEIGGEEVEVEEFVEEEDEDTV,-4.668263389644887,0
MSRLVAASWLLALLLCGITSTTTASAHIVMVDAYKPTKSAPAASSTDGTAAAAVSHYAMNGFDELAKGAVVPEDHFVCGPADKCYCSAWLHSRGTPGEKIGAQVCQWIAFSIAIALLTFYGFSAWKATCGWEEVYVCCVEVLFVTLEIFKEFSSPATVYLSTGNHAYCLRYFEWLLSCPVILIRLSNITGLKNDYSKRTMGLIVSCVGMIVFGMAAGLATDWLKWLLYIVSCIYGGYMYFQAAKCYVESYYIMPKGHCRMVVKLMAYAYFASWGSYPILWAVGPEGLLKLSPYANSIGHSICDIIAKEFWTFLAHHLRIKIHEHIIMYGDIRRPVSSQFLGRKVDVLAFVTEEDKV,-4.585620137449986,0
MSRLVAASWLLALLLCGITSTTTASAHIVMVDAYKPTKSAPAASSTDGTAAAAVSHYAMNGFDELAKGAVVPEDHFVCGPADKCYCSAWLHSRGTPGEKIGAQVCQWIAFSIAIALLTFYGFSAWKATCGWEEVYVCCVEVLFVTLEIFKEFSSPATVYLSTGNHAYCLRYFEWLLSCPVILIRLSNLSGLKNDYSKRTMGLIVSCVGMIVFGMAAGLATDWLKWLLYIVSCIYGGYMYFQAAKCYVEANHSVPAGGCKKLVLAMTAVYYSSWLSYPILWAVGPEGLLKLSPYANSIGHSICDIIAKEFWTFLAHFLRIKIHEHILIHGDIRKTTKMEIGGEEVEVEEFVEEEDEDTV,-5.444562277270213,0
MGGAPAPDAHSAPPGNDSAAHIVMVDAYKPTKGGSEYHAPAGYQVNPPYHPVHGYEEQCSSIYIYYGTPGEKIGAQVCQWIAFSIAIALLTFYGFSAWKATCGWEEVYVCCVEVLFVTLEIFKEFSSPAMLFLYTGNITPCLRYFEWLLSCPVILIRLSNLSGLKNDYSKRTMGLIVSCVGMIVFGMAAGLATDWLKWLLYIVSCIYGGYMYFQAAKCYVEANHSVPKGHCRMVVKLMAYAYFASWGSYPILWAVGPEGLLKLSPYANSIGHSICDIIAKEFWTFLAHHLRIKIHEHILIHGDIRKTTKMEIGGEEVEVEEFVEEEDEDTV,-7.229515353903711,0
MSRLVAASWLLALLLCGITSTTTASAHIVMVDAYKPTKSAPAASSTDGTAAAAVSHYAMNGFDELAKGAVVPEDHFVCGPADKCYCSAWLHSRGTPGEKIGAQVCQWIAFSIAIALLTFYGFSAWKATCGWEEVYVCCVEVLFVTLEIFKEFSSPATVYLSTGNHAYWLRYAEWLLSCPVILIRLSNLSGLKNDYSKRTMGLLVSDLGTICMGVTAALATDWLKWLLYIVSCIYGGYMYFQAAKCYVEANHSVPKGHCRMVVKLMAYAYFASWGSYPILWAVGPEGLLKLSPYANSIGHSICDIIAKEFWTFLAHHLRIKIHEHILIHGDIRKTTKMEIGGEEVEVEEFVEEEDEDTV,-6.5243104484277685,0
MSRLVAASWLLALLLCGITSTTTASAHIVMVDAYKPTKSAPAASSTDGTAAAAVSHYAMNGFDELAKGAVVPEDHFVCGPADKCYCSAWLHSRGTPGEKIGAQVCQWIAFSIAIALLTFYGFSAWKATCGWEEVYVCCVEVLFVTLEIFKEFSSPATVYLSGGNHAYCLRYFEWLLSCPVILIRLSNLSGLKNDYSKRTMGLIVSCVGMIVFGMAAGLATGWVKWLFYCIGLVYGGYMYFQAAKCYVEANHSVPKGHCRMVVKLMAYAYFASWGSYPILWAVGPEGLLKLSPYANSIGHSICDIIAKEFWTFLAHHLRIKIHEHILIHGDIRKTTKMEIGGEEVEVEEFVEEEDEDTV,-5.462621475453159,0
MSRLVAASWLLALLLCGITSTTTASAHIVMVDAYKPTKSAPAASSTDGTAAAAVSHYAMNGFDELAKGAVVPEDHFVCGPADKCYCSAWLHSRGTPGEKIGAQVCQWIAFSIAIALLTFYGFSAWKATCGWEEVYVCCVEVLFVTLEIFKEFSSPATVYLSTGNHAYCLRYFEWLLSCPVILIRLSNLSGLKNDYSKRTMALIVSCVGMIVFGMAAGLATDWLKWLLYIVSCIYGTQTFYNAGIIYVEANHSVPKGHCRMVVKLMAYAYFASWGSYPILWAVGPEGLLKLSPYANSIGHSICDIIAKEFWTFLAHHLRIKIHEHILIHGDIRKTTKMEIGGEEVEVEEFVEEEDEDTV,-5.9654836503277675,0
MSRLVAASWLLALLLCGITSTTTASAHIVMVDAYKPTKSAPAASSTDGTAAAAVSHYAMNGFDELAKGAVVPEDHFVCGPADKCYCSAWLHSRGTPGEKIGAQVCQWIAFSIAIALLTFYGFSAWKATCGWEEVYVCCVEVLFVTLEIFKEFSSPATVYLSTGNHAYCLRYFEWLLSCPVILIRLSNLSGLKNDYSKRTMGLIVSCVGMIVFGMAAGLATDWLKWLLYIVSCIYGGYMYFQAAKCYVEANHSVPKGHCRMVVKLMAYAYFASWGSYPILFILGPEGFGVLSPYANSIGHSICDIIAKEFWTFLAHHLRIKIHEHILIHGDIRKTTKMEIGGEEVEVEEFVEEEDEDTV,-4.687136967133388,0
MSRLVAASWLLALLLCGITSTTTASAHIVMVDAYKPTKSAPAASSTDGTAAAAVSHYAMNGFDELAKGAVVPEDHFVCGPADKCYCSAWLHSRGTNAEKLAANILQWITFALSALCLMFYGFSAWKATCGWEEVYVCCVEVLFVTLEIFKEFSSPATVYLSTGNHAYCLRYFEWLLSCPVILIHLSNLSGLKNDYSKRTMGLIVSCVGMIVFGMAAGLATDWLKWLLYIVSCIYGGYMYFQAAKCYVEANHSVPKGHCRMVVKLMAYAYFASWGMFPILWAVGPEGLLKLSVYGSTVGHTIIDLMSKNCWGLLGHHLRIKIHEHILIHGDIRKTTKMEIGGEEVEVEEFVEEEDEDTV,-8.436912109982138,0
MSRLVAASWLLALLLCGITSTTTASAHIVMVDAYKPTKSAPAASSTDGTAAAAVSHYAMNGFDELAKGAVVPEDHFVCGPADKCYCSAWLHSRGTPGEKIGAQVCQWIAFSIAIALLTFYGYQTWKSTCGWEEIYVATIEMIKFIIEYFHEFDSPATVYLSTGNHAYCLRYFEWLLTCPVILIRLSNLSGLKNDYSKRTMGLIVSCVGMIVFGMAAGLATDWLKWLLYIVSCIYGGYMYFQAAKCYVEANHSVPKGHCRMVVKLMAYAYFASWGSYPILWAVGPEGLLKLSPYANSIGHSICDIIAKEFWTFLAHHLRIKIHEHILIHGDIRKTTKMEIGGEEVEVEEFVEEEDEDTV,-5.997333168034557,0
MSRLVAASWLLALLLCGITSTTTASAHIVMVDAYKPTKSAPAASSTDGTAAAAVSHYAMNGFDELAKGAVVPEDHFVCGPADKCYCSAWLHSRGTPGEKIGAQVCQWIAFSIAIALLTFYGFSAWKATCGWEEVYVCCVEVLFVTLEIFKEFSSPATVYLSTGNHAYCLRYFEWLLSCPVILIRLSNLSGLANDYNKRTMGLIVSCVGMIVFGMAAGLATDWLKWLLYIVSCIYGGYMYFQAAKCYVEANHSVPKGHCRMVVKLMAYAYFASWGSYPILWAVGPEGLLKLSPYANSIGHSICDIIAKEFWTFLAHHLRIKIHEHILIHGDIRKTTKMEIGGEEVEVEEFVEEEDEDTV,-4.573850042256471,0
MSRLVAASWLLALLLCGITSTTTASAHIVMVDAYKPTKSAPAASSTDGTAAAAVSHYAMNGFDELAKGAVVPEDHFVCGPADKCYCSAWLHSRGTPGEKIGAQVCQWIAFSIAIALLTFYGFSAWKATCGWEEVYVCCVEVLFVTLEIFKEFSSPATVYLSTGNHAYCLRYFEWLLSCPVILIRLSNLTGLKNDYSKRTMGLIVSCVGMIVFGMAAGLATDWLKWLLYIVSCIYGGYMYFQAAKCYVEAYHTVPKGHCRMVVKLMAYAYFASWGSYPILWAVGPEGLLKLSPYANSIGHSICDIIAKEFWTFLAHHLRIKIHEHILIHGDIRKTTKLNIGGTEIEVETLVEDEAEAGAV,-4.656133116104559,0
MSRLVAASWLLALLLCGITSTTTASAHIVMVDAYKPTKSAPAASSTDGTAAAAVSHYAMNGFDELAKGAVVPEDHFVCGPADKCYCSAWLHSRGTPGEKIGAQVCQWIAFSIAIALLTFYGFSAWKATCGWEEVYVCCVEVLFVTLEIFKEFSSPATVYLSTGNHAYCLRYFEWLLSCPVILIRLSNLSGLKNDYSKRTMGLIVSCVGMIVFGMAAGLATDWLKWLLYIVSCIYGGYMYFQAAKCYVEANHSVPKGRCRQVVTGMAWLFFVSWGSYPILWAVGPEGLLKLSPYANSIGHSICDIIAKEFWTFLAHYLRVLIHEHILIHGDIRKTTKMEIGGEEVEVEEFVEEEDEDTV,-4.576447227967023,0
MSRLVAASWLLALLLCGITSTTTASAHIVMVDAYKPTKSAPAASSTDGTAAAAVSHYAMNGFDELAKGAVVPEDHFVCGPADKCYCSAWLHSRGTPGEKIGAQVCQWIAFSIAIALLTFYGFSAWKATCGWEEVYVCCVEVLFVTLEIFKEFSSPATVYLSTGNHAYWLRYAEWLLSCPVILIRLSNLSGLKNDYSKRTMGLLVSDIGTIVWGTTAALATDWLKWLLYIVSCIYGGYMYFQAAKCYVEANHSVPKGHCRMVVKLMAYAYFASWGSYPILWAVGPEGLLKLSPYANSIGHSICDIIAKEFWTFLAHHLRIKIHEHILIHGDIRKTTKMEIGGEEVEVEEFVEEEDEDTV,-8.187646078101817,0
MSRLVAASWLLALLLCGITSTTTASAHIVMVDAYKPTKSAPAASSTDGTAAAAVSHYAMNGFDELAKGAVVPEDHFVCGPADKCYCSAWLHSRGTPGEKIGAQVCQWIAFSIAIALLTFYGFSAWKATCGWEEVYVCCVEVLFVTLEIFKEFSSPATVYLSNGNHAYCLRYFEWLLSCPVILIRLSNLSGLKNDYSKRTMGLIVSCVGMIVFGMAAGLSKGYVRVIFFLMGLCYGGYMYFQAAKCYVEANHSVPKGHCRMVVKLMAYAYFASWGSYPILWAVGPEGLLKLSPYANSIGHSICDIIAKEFWTFLAHHLRIKIHEHILIHGDIRKTTKMEIGGEEVEVEEFVEEEDEDTV,-4.692446891809938,0
MSRLVAASWLLALLLCGITSTTTASAHIVMVDAYKPTKSAPAASSTDGTAAAAVSHYAMNGFDELAKGAVVPEDHFVCGPADKCYCSAWLHSRGTPGEKIGAQVCQWIAFSIAIALLTFYGFSAWKATCGWEEVYVCCVEVLFVTLEIFKEFSSPATVYLSTGNHAYCLRYFEWLLSCPVILIRLSNLSGLKNDYSKRTMGLIVSCVGMIVFGMAAGLATDWLKWLLYIVSCIYGIYTFFNAAKVYIEANHSVPKGHCRMVVKLMAYAYFASWGSYPILWAVGPEGLLKLSPYANSIGHSICDIIAKEFWTFLAHHLRIKIHEHILIHGDIRKTTKMEIGGEEVEVEEFVEEEDEDTV,-5.036439269942528,0
MGGAPAPDAHSAPPGNDSAAHIVMVDAYKPTKGGSEYHAPAGYQVNPPYHPVHGYEEQCSSIYIYYGTPGEKIGAQVCQWIAFSIAIALLTFYGYQTWKSTCGWEEIYVATIEMIKFIIEYFHEFDSPAMLFLYNGNITPCLRYFEWLLTCPVILIRLSNLTGLKNDYSKRTMGLIVSCVGMIVFGMAAGLSKGYVRVIFFLMGLCYGIYTFFNAAKVYIEAYHTVPAGGCKKLVLAMTAVYYSSWLSYPGLFIFGPEGMHTLSPYANSIGHSICDIIAKEFWTFLAHFLRIKIHEHILIHGDIRKTTKLNIGGTEIEVETLVEDEAEAGAV,-6.044258470366566,0
MSRLVAASWLLALLLCGITSTTTASAHIVMVDAYKPTKSAPAASSTDGTAAAAVSHYAMNGFDELAKGAVVPEDHFVCGPADKCYCSAWLHSRGTNAEKLAANILQWITVALSALCLMFYGWHAYKASVGWEEVYVCSVELIKVILEIYFEFTSPATVYLSNGNHAYWLRYAEWLLTCPVILIHLSNITGLKNDYSKRTMGLLVSDIGTIVWGTTAALSKGYVRVIFFLMGLCYGIYTFFNAAKVYIESYYIMPKGRCRQVVTGMAWLFFVSWGMFPILFILGPEGFGVLSVYGSTVGHTIIDLMSKNCWGLLGHYLRVLIHEHIIMYGDIRRPVSSQFLGRKVDVLAFVTEEDKV,-7.071213324987105,0
MGGAPAPDAHSAPPGNDSAAHIVMVDAYKPTKGGSEYHAPAGYQVNPPYHPVHGYEEQCSSIYIYYGTPGEKIGAQVCQWIAFSIAIALLTFYGYQTWKSTCGWEEIYVATIEMIKFIIEYFHEFDSPAMLFLYNGNITPWLRYAEWLLTCPVILIRLSNLTGLKNDYSKRTMGLLVSDLGTICMGVTAALSKGYVRVIFFLMGLCYGIYTFFNAAKVYIEAYHTVPKGHCRMVVKLMAYAYFASWGSYPILWAVGPEGLLKLSPYANSIGHSICDIIAKEFWTFLAHHLRIKIHEHILIHGDIRKTTKLNIGGTEIEVETLVEDEAEAGAV,-6.784871272007103,0
MGGAPAPDAHSAPPGNDSAAHIVMVDAYKPTKGGSEYHAPAGYQVNPPYHPVHGYEEQCSSIYIYYGTPGEKIGAQVCQWIAFSIAIALLTFYGYQTWKSTCGWEEIYVATIEMIKFIIEYFHEFDSPAMLFLYNGNITPWLRYAEWLLTCPVILIRLSNLTGLKNDYSKRTMALLVSDIGTIVWGTTAALSKGYVRVIFFLMGLCYGTQTFYNAGIIYVEAYHTVPAGGCKKLVLAMTAVYYSSWLSYPILWAVGPEGLLKLSPYANSIGHSICDIIAKEFWTFLAHFLRIKIHEHILIHGDIRKTTKLNIGGTEIEVETLVEDEAEAGAV,-8.156613556025587,0
MGGAPAPDAHSAPPGNDSAAHIVMVDAYKPTKGGSEYHAPAGYQVNPPYHPVHGYEEQCSSIYIYYGTPGEKIGAQVCQWIAFSIAIALLTFYGFSAWKATCGWEEVYVCCVEVLFVTLEIFKEFSSPAMLFLYTGNITPWLRYAEWLLSCPVILIRLSNLTGLKNDYSKRTMGLLVSDIGTIVWGTTAALATDWLKWLLYIVSCIYGIYTFFNAAKVYIEAYHTVPAGGCKKLVLAMTAVYYSSWLSYPILFILGPEGFGVLSPYANSIGHSICDIIAKEFWTFLAHFLRIKIHEHILIHGDIRKTTKLNIGGTEIEVETLVEDEAEAGAV,-7.342049413024209,0
MGGAPAPDAHSAPPGNDSAAHIVMVDAYKPTKGGSEYHAPAGYQVNPPYHPVHGYEEQCSSIYIYYGTPGEKIGAQVCQWIAVSIAIALLTFYGWHAYKASVGWEEVYVCSVELIKVILEIYFEFTSPAMLFLYNGNITPWLRYAEWLLTCPVILIRLSNLTGLSEAYNKRTMGLLVSDIGTIVWGTTAALSKGYVRVIFFLMGLCYGGYMYFQAAKCYVEAYHTVPKGHCRMVVKLMAYAYFASWGSYPILFILGPEGFGVLSPYANSIGHSICDIIAKEFWTFLAHHLRIKIHEHILIHGDIRKTTKLNIGGTEIEVETLVEDEAEAGAV,-7.381695972507586,0
MSRLVAASWLLALLLCGITSTTTASAHIVMVDAYKPTKSAPAASSTDGTAAAAVSHYAMNGFDELAKGAVVPEDHFVCGPADKCYCSAWLHSRGTNAEKLAANILQWITFALSALCLMFYGYQTWKSTCGWEEIYVATIEMIKFIIEYFHEFDSPATVYLSGGNHAYWLRYAEWLLTCPVILIHLSNLTGLKNDYSKRTMGLLVSDIGTIVWGTTAALATGWVKWLFYCIGLVYGIYTFFNAAKVYIEAYHTVPKGHCRMVVKLMAYAYFASWGMFPGLFIFGPEGMHTLSVYGSTVGHTIIDLMSKNCWGLLGHHLRIKIHEHILIHGDIRKTTKLNIGGTEIEVETLVEDEAEAGAV,-7.490956320392341,0
MSRLVAASWLLALLLCGITSTTTASAHIVMVDAYKPTKSAPAASSTDGTAAAAVSHYAMNGFDELAKGAVVPEDHFVCGPADKCYCSAWLHSRGTNAEKLAANILQWITFALSALCLMFYGYQTWKSTCGWEEIYVATIEMIKFIIEYFHEFDSPATVYLSNGNHAYCLRYFEWLLTCPVILIHLSNITGLKNDYSKRTMGLIVSCVGMIVFGMAAGLSKGYVRVIFFLMGLCYGIYTFFNAAKVYIESYYIMPKGRCRQVVTGMAWLFFVSWGMFPILWAVGPEGLLKLSVYGSTVGHTIIDLMSKNCWGLLGHYLRVLIHEHIIMYGDIRRPVSSQFLGRKVDVLAFVTEEDKV,-5.944204158002268,0
MSRLVAASWLLALLLCGITSTTTASAHIVMVDAYKPTKSAPAASSTDGTAAAAVSHYAMNGFDELAKGAVVPEDHFVCGPADKCYCSAWLHSRGTNAEKLAANILQWITVALSALCLMFYGWHAYKASVGWEEVYVCSVELIKVILEIYFEFTSPATVYLSGGNHAYCLRYFEWLLTCPVILIHLSNLSGLSEAYNKRTMGLIVSCVGMIVFGMAAGLATGWVKWLFYCIGLVYGIYTFFNAAKVYIEANHSVPKGRCRQVVTGMAWLFFVSWGMFPILFILGPEGFGVLSVYGSTVGHTIIDLMSKNCWGLLGHYLRVLIHEHILIHGDIRKTTKMEIGGEEVEVEEFVEEEDEDTV,-5.527187128279114,0
MSRLVAASWLLALLLCGITSTTTASAHIVMVDAYKPTKSAPAASSTDGTAAAAVSHYAMNGFDELAKGAVVPEDHFVCGPADKCYCSAWLHSRGALWEQETARGFQWFAFFLSALFLAFYGFSAWKATCGWEEVYVCCVEVLFVTLEIFKEFSSPATVYLSNGNHAYCLRYFEWLLSCPVILIHLSNLSGLKNDYSKRTMALIVSCVGMIVFGMAAGLSKGYVRVIFFLMGLCYGTQTFYNAGIIYVEANHSVPAGGCKKLVLAMTAVYYSSWLMFPILFILGPEGFGVLSVAGSTIGHTIADLLSKNIWGLLGHFLRIKIHEHILIHGDIRKTTKMEIGGEEVEVEEFVEEEDEDTV,-7.602871394879726,0
MGGAPAPDAHSAPPGNDSAAHIVMVDAYKPTKGGSEYHAPAGYQVNPPYHPVHGYEEQCSSIYIYYGTPGEKIGAQVCQWIAVSIAIALLTFYGWHAYKASVGWEEVYVCSVELIKVILEIYFEFTSPAMLFLYGGNITPCLRYFEWLLTCPVILIRLSNLTGLSEAYNKRTMGLIVSCVGMIVFGMAAGLATGWVKWLFYCIGLVYGIYTFFNAAKVYIEAYHTVPKGHCRMVVKLMAYAYFASWGSYPILWAVGPEGLLKLSPYANSIGHSICDIIAKEFWTFLAHHLRIKIHEHILIHGDIRKTTKLNIGGTEIEVETLVEDEAEAGAV,-7.447858237543301,0
MGGAPAPDAHSAPPGNDSAAHIVMVDAYKPTKGGSEYHAPAGYQVNPPYHPVHGYEEQCSSIYIYYGTPGEKIGAQVCQWIAVSIAIALLTFYGWHAYKASVGWEEVYVCSVELIKVILEIYFEFTSPAMLFLYNGNITPWLRYAEWLLTCPVILIRLSNLSGLSEAYNKRTMGLLVSDIGTIVWGTTAALSKGYVRVIFFLMGLCYGIYTFFNAAKVYIEANHSVPKGRCRQVVTGMAWLFFVSWGSYPGLFIFGPEGMHTLSPYANSIGHSICDIIAKEFWTFLAHYLRVLIHEHILIHGDIRKTTKMEIGGEEVEVEEFVEEEDEDTV,-7.97958130655809,0
MSRLVAASWLLALLLCGITSTTTASAHIVMVDAYKPTKSAPAASSTDGTAAAAVSHYAMNGFDELAKGAVVPEDHFVCGPADKCYCSAWLHSRGTPGEKIGAQVCQWIAFSIAIALLTFYGYQTWKSTCGWEEIYVATIEMIKFIIEYFHEFDSPATVYLSNGNHAYWLRYAEWLLTCPVILIRLSNLTGLKNDYSKRTMGLLVSDLGTICMGVTAALSKGYVRVIFFLMGLCYGGYMYFQAAKCYVEAYHTVPAGGCKKLVLAMTAVYYSSWLSYPGLFIFGPEGMHTLSPYANSIGHSICDIIAKEFWTFLAHFLRIKIHEHILIHGDIRKTTKLNIGGTEIEVETLVEDEAEAGAV,-6.943692311648196,0
MSRLVAASWLLALLLCGITSTTTASAHIVMVDAYKPTKSAPAASSTDGTAAAAVSHYAMNGFDELAKGAVVPEDHFVCGPADKCYCSAWLHSRGALWEQETARGFQWFAFFLSALFLAFYGYQTWKSTCGWEEIYVATIEMIKFIIEYFHEFDSPATVYLSTGNHAYWLRYAEWLLTCPVILIHLSNLSGLANDYNKRTMALLVSDIGTIVWGTTAALATDWLKWLLYIVSCIYGTQTFYNAGIIYVEANHSVPKGRCRQVVTGMAWLFFVSWGMFPILWAVGPEGLLKLSVAGSTIGHTIADLLSKNIWGLLGHYLRVLIHEHILIHGDIRKTTKMEIGGEEVEVEEFVEEEDEDTV,-8.132680322148055,0
MSRLVAASWLLALLLCGITSTTTASAHIVMVDAYKPTKSAPAASSTDGTAAAAVSHYAMNGFDELAKGAVVPEDHFVCGPADKCYCSAWLHSRGTPGEKIGAQVCQWIAVSIAIALLTFYGWHAYKASVGWEEVYVCSVELIKVILEIYFEFTSPATVYLSGGNHAYWLRYAEWLLTCPVILIRLSNLSGLSEAYNKRTMALLVSDIGTIVWGTTAALATGWVKWLFYCIGLVYGTQTFYNAGIIYVEANHSVPKGRCRQVVTGMAWLFFVSWGSYPGLFIFGPEGMHTLSPYANSIGHSICDIIAKEFWTFLAHYLRVLIHEHILIHGDIRKTTKMEIGGEEVEVEEFVEEEDEDTV,-8.515067054902179,0
MSRLVAASWLLALLLCGITSTTTASAHIVMVDAYKPTKSAPAASSTDGTAAAAVSHYAMNGFDELAKGAVVPEDHFVCGPADKCYCSAWLHSRGTNAEKLAANILQWITFALSALCLMFYGFSAWKATCGWEEVYVCCVEVLFVTLEIFKEFSSPATVYLSTGNHAYWLRYAEWLLSCPVILIHLSNLSGLANDYNKRTMGLLVSDLGTICMGVTAALATDWLKWLLYIVSCIYGIYTFFNAAKVYIEANHSVPKGRCRQVVTGMAWLFFVSWGMFPILFILGPEGFGVLSVYGSTVGHTIIDLMSKNCWGLLGHYLRVLIHEHILIHGDIRKTTKMEIGGEEVEVEEFVEEEDEDTV,-7.440072608002367,0
MGGAPAPDAHSAPPGNDSAAHIVMVDAYKPTKGGSEYHAPAGYQVNPPYHPVHGYEEQCSSIYIYYGTPGEKIGAQVCQWIAFSIAIALLTFYGFSAWKATCGWEEVYVCCVEVLFVTLEIFKEFSSPAMLFLYTGNITPWLRYAEWLLSCPVILIRLSNITGLANDYNKRTMGLLVSDLGTICMGVTAALATDWLKWLLYIVSCIYGIYTFFNAAKVYIESYYIMPKGRCRQVVTGMAWLFFVSWGSYPILWAVGPEGLLKLSPYANSIGHSICDIIAKEFWTFLAHYLRVLIHEHIIMYGDIRRPVSSQFLGRKVDVLAFVTEEDKV,-6.872613250606912,0
MSRLVAASWLLALLLCGITSTTTASAHIVMVDAYKPTKSAPAASSTDGTAAAAVSHYAMNGFDELAKGAVVPEDHFVCGPADKCYCSAWLHSRGTPGEKIGAQVCQWIAFSIAIALLTFYGYQTWKSTCGWEEIYVATIEMIKFIIEYFHEFDSPATVYLSNGNHAYWLRYAEWLLTCPVILIRLSNITGLSEAYNKRTMALLVSDIGTIVWGTTAALSKGYVRVIFFLMGLCYGTQTFYNAGIIYVESYYIMPKGHCRMVVKLMAYAYFASWGSYPILFILGPEGFGVLSPYANSIGHSICDIIAKEFWTFLAHHLRIKIHEHIIMYGDIRRPVSSQFLGRKVDVLAFVTEEDKV,-5.1778216658610186,0
MGGAPAPDAHSAPPGNDSAAHIVMVDAYKPTKGGSEYHAPAGYQVNPPYHPVHGYEEQCSSIYIYYGTPGEKIGAQVCQWIAVSIAIALLTFYGWHAYKASVGWEEVYVCSVELIKVILEIYFEFTSPAMLFLYNGNITPCLRYFEWLLTCPVILIRLSNITGLKNDYSKRTMALIVSCVGMIVFGMAAGLSKGYVRVIFFLMGLCYGTQTFYNAGIIYVESYYIMPKGRCRQVVTGMAWLFFVSWGSYPILWAVGPEGLLKLSPYANSIGHSICDIIAKEFWTFLAHYLRVLIHEHIIMYGDIRRPVSSQFLGRKVDVLAFVTEEDKV,-8.394682697575568,0
MSRLVAASWLLALLLCGITSTTTASAHIVMVDAYKPTKSAPAASSTDGTAAAAVSHYAMNGFDELAKGAVVPEDHFVCGPADKCYCSAWLHSRGALWEQETARGFQWFAFFLSALFLAFYGYQTWKSTCGWEEIYVATIEMIKFIIEYFHEFDSPATVYLSTGNHAYCLRYFEWLLTCPVILIHLSNITGLKNDYSKRTMGLIVSCVGMIVFGMAAGLATDWLKWLLYIVSCIYGIYTFFNAAKVYIESYYIMPAGGCKKLVLAMTAVYYSSWLMFPILFILGPEGFGVLSVAGSTIGHTIADLLSKNIWGLLGHFLRIKIHEHIIMYGDIRRPVSSQFLGRKVDVLAFVTEEDKV,-4.781440038086389,0
MSRLVAASWLLALLLCGITSTTTASAHIVMVDAYKPTKSAPAASSTDGTAAAAVSHYAMNGFDELAKGAVVPEDHFVCGPADKCYCSAWLHSRGTNAEKLAANILQWITVALSALCLMFYGWHAYKASVGWEEVYVCSVELIKVILEIYFEFTSPATVYLSNGNHAYWLRYAEWLLTCPVILIHLSNLSGLANDYNKRTMALLVSDLGTICMGVTAALSKGYVRVIFFLMGLCYGTQTFYNAGIIYVEANHSVPKGHCRMVVKLMAYAYFASWGMFPGLFIFGPEGMHTLSVYGSTVGHTIIDLMSKNCWGLLGHHLRIKIHEHILIHGDIRKTTKMEIGGEEVEVEEFVEEEDEDTV,-8.53182220350879,0
MSRLVAASWLLALLLCGITSTTTASAHIVMVDAYKPTKSAPAASSTDGTAAAAVSHYAMNGFDELAKGAVVPEDHFVCGPADKCYCSAWLHSRGTNAEKLAANILQWITFALSALCLMFYGFSAWKATCGWEEVYVCCVEVLFVTLEIFKEFSSPATVYLSGGNHAYWLRYAEWLLSCPVILIHLSNLSGLSEAYNKRTMGLLVSDLGTICMGVTAALATGWVKWLFYCIGLVYGGYMYFQAAKCYVEANHSVPAGGCKKLVLAMTAVYYSSWLMFPILWAVGPEGLLKLSVYGSTVGHTIIDLMSKNCWGLLGHFLRIKIHEHILIHGDIRKTTKMEIGGEEVEVEEFVEEEDEDTV,-8.580398018436656,0
MGGAPAPDAHSAPPGNDSAAHIVMVDAYKPTKGGSEYHAPAGYQVNPPYHPVHGYEEQCSSIYIYYGTPGEKIGAQVCQWIAFSIAIALLTFYGYQTWKSTCGWEEIYVATIEMIKFIIEYFHEFDSPAMLFLYNGNITPCLRYFEWLLTCPVILIRLSNITGLANDYNKRTMGLIVSCVGMIVFGMAAGLSKGYVRVIFFLMGLCYGIYTFFNAAKVYIESYYIMPAGGCKKLVLAMTAVYYSSWLSYPILWAVGPEGLLKLSPYANSIGHSICDIIAKEFWTFLAHFLRIKIHEHIIMYGDIRRPVSSQFLGRKVDVLAFVTEEDKV,-7.637377800222538,0
MGGAPAPDAHSAPPGNDSAAHIVMVDAYKPTKGGSEYHAPAGYQVNPPYHPVHGYEEQCSSIYIYYGTPGEKIGAQVCQWIAFSIAIALLTFYGYQTWKSTCGWEEIYVATIEMIKFIIEYFHEFDSPAMLFLYTGNITPWLRYAEWLLTCPVILIRLSNLSGLANDYNKRTMGLLVSDIGTIVWGTTAALATDWLKWLLYIVSCIYGGYMYFQAAKCYVEANHSVPAGGCKKLVLAMTAVYYSSWLSYPGLFIFGPEGMHTLSPYANSIGHSICDIIAKEFWTFLAHFLRIKIHEHILIHGDIRKTTKMEIGGEEVEVEEFVEEEDEDTV,-6.702704094610732,0
MGGAPAPDAHSAPPGNDSAAHIVMVDAYKPTKGGSEYHAPAGYQVNPPYHPVHGYEEQCSSIYIYYGALWEQETARGFQWFAFFLSALFLAFYGYQTWKSTCGWEEIYVATIEMIKFIIEYFHEFDSPAMLFLYGGNITPWLRYAEWLLTCPVILIHLSNLSGLKNDYSKRTMGLLVSDIGTIVWGTTAALATGWVKWLFYCIGLVYGIYTFFNAAKVYIEANHSVPAGGCKKLVLAMTAVYYSSWLMFPILWAVGPEGLLKLSVAGSTIGHTIADLLSKNIWGLLGHFLRIKIHEHILIHGDIRKTTKMEIGGEEVEVEEFVEEEDEDTV,-7.720394486348803,0
MSRLVAASWLLALLLCGITSTTTASAHIVMVDAYKPTKSAPAASSTDGTAAAAVSHYAMNGFDELAKGAVVPEDHFVCGPADKCYCSAWLHSRGTPGEKIGAQVCQWIAVSIAIALLTFYGWHAYKASVGWEEVYVCSVELIKVILEIYFEFTSPATVYLSTGNHAYWLRYAEWLLTCPVILIRLSNLSGLANDYNKRTMALLVSDIGTIVWGTTAALATDWLKWLLYIVSCIYGTQTFYNAGIIYVEANHSVPAGGCKKLVLAMTAVYYSSWLSYPILFILGPEGFGVLSPYANSIGHSICDIIAKEFWTFLAHFLRIKIHEHILIHGDIRKTTKMEIGGEEVEVEEFVEEEDEDTV,-8.47377823934988,0
MSRLVAASWLLALLLCGITSTTTASAHIVMVDAYKPTKSAPAASSTDGTAAAAVSHYAMNGFDELAKGAVVPEDHFVCGPADKCYCSAWLHSRGALWEQETARGFQWFAVFLSALFLAFYGWHAYKASVGWEEVYVCSVELIKVILEIYFEFTSPATVYLSNGNHAYWLRYAEWLLTCPVILIHLSNLSGLSEAYNKRTMGLLVSDIGTIVWGTTAALSKGYVRVIFFLMGLCYGGYMYFQAAKCYVEANHSVPKGRCRQVVTGMAWLFFVSWGMFPILWAVGPEGLLKLSVAGSTIGHTIADLLSKNIWGLLGHYLRVLIHEHILIHGDIRKTTKMEIGGEEVEVEEFVEEEDEDTV,-8.356998357359751,0
MGGAPAPDAHSAPPGNDSAAHIVMVDAYKPTKGGSEYHAPAGYQVNPPYHPVHGYEEQCSSIYIYYGTNAEKLAANILQWITFALSALCLMFYGFSAWKATCGWEEVYVCCVEVLFVTLEIFKEFSSPAMLFLYNGNITPCLRYFEWLLSCPVILIHLSNLSGLKNDYSKRTMGLIVSCVGMIVFGMAAGLSKGYVRVIFFLMGLCYGGYMYFQAAKCYVEANHSVPAGGCKKLVLAMTAVYYSSWLMFPGLFIFGPEGMHTLSVYGSTVGHTIIDLMSKNCWGLLGHFLRIKIHEHILIHGDIRKTTKMEIGGEEVEVEEFVEEEDEDTV,-8.338521820335119,0
MGGAPAPDAHSAPPGNDSAAHIVMVDAYKPTKGGSEYHAPAGYQVNPPYHPVHGYEEQCSSIYIYYGTNAEKLAANILQWITFALSALCLMFYGFSAWKATCGWEEVYVCCVEVLFVTLEIFKEFSSPAMLFLYTGNITPWLRYAEWLLSCPVILIHLSNLSGLKNDYSKRTMGLLVSDIGTIVWGTTAALATDWLKWLLYIVSCIYGIYTFFNAAKVYIEANHSVPKGHCRMVVKLMAYAYFASWGMFPILFILGPEGFGVLSVYGSTVGHTIIDLMSKNCWGLLGHHLRIKIHEHILIHGDIRKTTKMEIGGEEVEVEEFVEEEDEDTV,-7.327994265882848,0
MSRLVAASWLLALLLCGITSTTTASAHIVMVDAYKPTKSAPAASSTDGTAAAAVSHYAMNGFDELAKGAVVPEDHFVCGPADKCYCSAWLHSRGTNAEKLAANILQWITFALSALCLMFYGFSAWKATCGWEEVYVCCVEVLFVTLEIFKEFSSPATVYLSTGNHAYWLRYAEWLLSCPVILIHLSNLSGLKNDYSKRTMGLLVSDIGTIVWGTTAALATDWLKWLLYIVSCIYGIYTFFNAAKVYIEANHSVPKGHCRMVVKLMAYAYFASWGMFPILFILGPEGFGVLSVYGSTVGHTIIDLMSKNCWGLLGHHLRIKIHEHILIHGDIRKTTKMEIGGEEVEVEEFVEEEDEDTV,-7.312336322903731,0
MGGAPAPDAHSAPPGNDSAAHIVMVDAYKPTKGGSEYHAPAGYQVNPPYHPVHGYEEQCSSIYIYYGTNAEKLAANILQWITFALSALCLMFYGFSAWKATCGWEEVYVCCVEVLFVTLEIFKEFSSPAMLFLYTGNITPWLRYAEWLLSCPVILIHLSNLSGLKNDYSKRTMGLLVSDIGTIVWGTTAALATDWLKWLLYIVSCIYGIYTFFNAAKVYIEANHSVPKGHCRMVVKLMAYAYFASWGMFPILWAVGPEGLLKLSVYGSTVGHTIIDLMSKNCWGLLGHHLRIKIHEHILIHGDIRKTTKMEIGGEEVEVEEFVEEEDEDTV,-7.7422371130498195,0
MSRRPWLLALALAVALAAGSAGAAHIVMVDAYKPTKSTGSDATVPVATQDGPDYVFHRAHERMLFQTSYTLENNGSVICIPNNGQCFCLAWLKSNGTPGEKIGAQVCQWIAFSIAIALLTFYGYQTWKSTCGWEEIYVATIEMIKFIIEYFHEFDEPAVIYSSNGNKTVCLRYFEWLLTCPVILIRLSNLTGLANDYNKRTMGLIVSCVGMIVFGMAAGLSKGYVRVIFFLMGLCYGGYMYFQAAKCYVEAYHTVPKGRCRQVVTGMAWLFFVSWGSYPGLFIFGPEGMHTLSPYANSIGHSICDIIAKEFWTFLAHYLRVLIHEHILIHGDIRKTTKLNIGGTEIEVETLVEDEAEAGAV,-5.9502386371140075,0
MSRLVAASWLLALLLCGITSTTTASAHIVMVDAYKPTKSAPAASSTDGTAAAAVSHYAMNGFDELAKGAVVPEDHFVCGPADKCYCSAWLHSRGTPGEKIGAQVCQWIAFSIAIALLTFYGYQTWKSTCGWEEIYVATIEMIKFIIEYFHEFDSPATVYLSNGNHAYCLRYFEWLLTCPVILIRLSNLTGLANDYNKRTMGLIVSCVGMIVFGMAAGLSKGYVRVIFFLMGLCYGGYMYFQAAKCYVEAYHTVPKGRCRQVVTGMAWLFFVSWGSYPILWAVGPEGLLKLSPYANSIGHSICDIIAKEFWTFLAHYLRVLIHEHILIHGDIRKTTKLNIGGTEIEVETLVEDEAEAGAV,-5.012320997946479,0
MSRLVAASWLLALLLCGITSTTTASAHIVMVDAYKPTKSAPAASSTDGTAAAAVSHYAMNGFDELAKGAVVPEDHFVCGPADKCYCSAWLHSRGTNAEKLAANILQWITFALSALCLMFYGFSAWKATCGWEEVYVCCVEVLFVTLEIFKEFSSPATVYLSTGNHAYWLRYAEWLLSCPVILIHLSNLSGLSEAYNKRTMALLVSDIGTIVWGTTAALATDWLKWLLYIVSCIYGTQTFYNAGIIYVEANHSVPKGHCRMVVKLMAYAYFASWGMFPILWAVGPEGLLKLSVYGSTVGHTIIDLMSKNCWGLLGHHLRIKIHEHILIHGDIRKTTKMEIGGEEVEVEEFVEEEDEDTV,-8.261822655555044,0
MGGAPAPDAHSAPPGNDSAAHIVMVDAYKPTKGGSEYHAPAGYQVNPPYHPVHGYEEQCSSIYIYYGTNAEKLAANILQWITFALSALCLMFYGFSAWKATCGWEEVYVCCVEVLFVTLEIFKEFSSPAMLFLYGGNITPWLRYAEWLLSCPVILIHLSNLSGLSEAYNKRTMALLVSDLGTICMGVTAALATGWVKWLFYCIGLVYGTQTFYNAGIIYVEANHSVPKGHCRMVVKLMAYAYFASWGMFPGLFIFGPEGMHTLSVYGSTVGHTIIDLMSKNCWGLLGHHLRIKIHEHILIHGDIRKTTKMEIGGEEVEVEEFVEEEDEDTV,-6.956779787785928,0
MSRLVAASWLLALLLCGITSTTTASAHIVMVDAYKPTKSAPAASSTDGTAAAAVSHYAMNGFDELAKGAVVPEDHFVCGPADKCYCSAWLHSRGTPGEKIGAQVCQWIAFSIAIALLTFYGFSAWKATCGWEEVYVCCVEVLFVTLEIFKEFSSPATVYLSTGNHAYCLRYFEWLLSCPVILIRLSNLTGLKNDYSKRTMGLIVSCVGMIVFGMAAGLATDWLKWLLYIVSCIYGGYMYFQAAKCYVEAYHTVPKGHCRMVVKLMAYAYFASWGSYPILFILGPEGFGVLSPYANSIGHSICDIIAKEFWTFLAHHLRIKIHEHILIHGDIRKTTKLNIGGTEIEVETLVEDEAEAGAV,-4.598021987750988,0
MSRLVAASWLLALLLCGITSTTTASAHIVMVDAYKPTKSAPAASSTDGTAAAAVSHYAMNGFDELAKGAVVPEDHFVCGPADKCYCSAWLHSRGTPGEKIGAQVCQWIAFSIAIALLTFYGFSAWKATCGWEEVYVCCVEVLFVTLEIFKEFSSPATVYLSTGNHAYCLRYFEWLLSCPVILIRLSNLSGLKNDYSKRTMGLIVSCVGMIVFGMAAGLATDWLKWLLYIVSCIYGGYMYFQAAKCYVEAYHTVPKGRCRQVVTGMAWLFFVSWGSYPILWAVGPEGLLKLSPYANSIGHSICDIIAKEFWTFLAHHLRIKIHEHIIMYGDIRRPVSSQFLGRKVDVLAFVTEEDKV,-5.061021415988704,0
MSRRPWLLALALAVALAAGSAGAAHIVMVDAYKPTKSTGSDATVPVATQDGPDYVFHRAHERMLFQTSYTLENNGSVICIPNNGQCFCLAWLKSNGTNAEKLAANILQWIAVFLSALFLAFYGWHAYKASVGWEEVYVCSVELIKVILEIYFEFTSPATVYLSTGNHAYCLRYFEWLLSCPVILIRLSNLSGLKNDYSKRTMGLIVSDIGTIVWGTTAALSKGYVRVIFFLMGLCYGIYTFFNAAKVYIEANHSVPKGHCRMVVKLMAYAYFASWGSYPILWAVGPEGLLKLSVYGSTVGHTIIDLMSKNCWGLLGHYLRVLIHEHILIHGDIRKTTKMEIGGEEVEVEEFVEEEDEDTV,-7.330164570040457,0
MSRLVAASWLLALLLCGITSTTTASAHIVMVDAYKPTKSAPAASSTDGTAAAAVSHYAMNGFDELAKGAVVPEDHFVCGPADKCYCSAWLHSRGTPGEKIGAQVCQWIAFSIAIALLTFYGFSAWKATCGWEEVYVCCVEVLFVTLEIFKEFSSPATVYLSTGNHAYCLRYFEWLLSCPVILIRLSNLSGLKNDYSKRTMGLIVSCVGMIVFGMAAGLATDWLKWLLYIVSCIYGGYMYFQAAKCYVEAYHTVPKGRCRQVVTGMAWLFFVSWGSYPILWAVGPEGLLKLSPYANSIGHSICDIIAKEFWTFLAHHLRIKIHEHILIHGDIRKTTKLNIGGTEIEVETLVEDEAEAGAV,-4.7007583685399,0
MSRLVAASWLLALLLCGITSTTTASAHIVMVDAYKPTKSAPAASSTDGTAAAAVSHYAMNGFDELAKGAVVPEDHFVCGPADKCYCSGWLHSHGTQAEFVAATACQYTALSLALLLLSFYAYSAWKATCGWEEGYVCCVEVLFVTLEISNEFNSPATLYLSTGNYCYFLRYGEWLLSCPVILIRLSNLSGLKNDYSKRTMGLIVSCIGMLITGMAGGLGVGWVKWTLYFVSCAYSAQTYLQAAKCYVEVYATVPKGYCRTVVKLMAYAFFTAWGAYPILWAIGPEGLKYISGYSNTIAHTFCDILAKEIWTFLGHHLRIKIHEHILIHGDIRKKVQVRVAGELMNVEELMEEEGEDTV,-7.239446757304117,0
MSRLVAASWLLALLLCGITSTTTASAHIVMVDAYKPTKSAPAASSTDGTAAAAVSHYAMNGFDELAKGAVVPEDHFVCGPADKCYCSGWLHSHGTQAEFVAATACQYTALSLALLLLSFYAYSAWKATCGWEEGYVCCVEVLFVTLEISNEFNSPATLYLSTGNYCYCLRYFEWLLSCPVILIHLSNLSGLKNDYSMRTMRLIVSCVGMLVFGMAGGLGVGWVKWTLYFVSCAYSAQTYLQAAKCYVEVYATVPKGYCRTVVKLMAYAFFTAWGAYPILWAIGPEGLKYISGYSNTIAHTFCDILAKEIWTFLGHHLRIKIHEHILIHGDIRKKVQVRVAGELMNVEELMEEEGEDTV,,0
MSRLVAASWLLALLLCGITSTTTASAHIVMVDAYKPTKSAPAASSTDGTAAAAVSHYAMNGFDELAKGAVVPEDHFVCGPADKCYCSGWLHSHGTQAEFVAATACQYTALSLALLLLSFYAYSAWKATCGWEEGYVCCVEVLFVTLEISNEFNSPATLYLSTGNYCYFLRYGEWLLSCPVILIHLSNLSGLKNDYSMRTMRLLVSCVGMIVFGMAAGLATDWLKWLLYIVSCIYGGYMYFQAAKCYVEVYATVPKGYCRTVVKLMAYAFFTAWGAYPILWAIGPEGLKYISGYSNTIAHTFCDILAKEIWTFLGHHLRIKIHEHILIHGDIRKKVQVRVAGELMNVEELMEEEGEDTV,-5.850855450691768,0
MSRLVAASWLLALLLCGITSTTTASAHIVMVDAYKPTKSAPAASSTDGTAAAAVSHYAMNGFDELAKGAVVPEDHFVCGPADKCYCSGWLHSHGTPGEKIGAQVCQYIALSIAIALLTFYAYSAWKATCGWEEGYVCCVEVLFVTLEISNEFNSPATLYLSTGNYCYFLRYGEWLLSCPVILIRLSNLSGLKNDYSMRTMRLLVSCIGMLITGMAGGLGVGWVKWTLYFVSCAYSAQTYLQAAKCYVEVYATVPKGYCRTVVKLMAYAFFTAWGSYPILWAIGPEGLKYISPYANSIAHSFCDIIAKEFWTFLAHHLRIKIHEHILIHGDIRKKVQVRVAGELMNVEELMEEEGEDTV,-6.0739309418311835,0
MSRRPWLLALALAVALAAGSAGAAHIVMVDAYKPTKSTGSDATVPVATQDGPDYVFHRAHERMLFQTSYTLENNGSVICIPNNGQCFCLAWLKSNGALWEQETARGFQWFTFALSALCLMFYGYQTWKSTCGWEEIYVATIEMIKFIIEYFHEFDSPAMLFLYGGNITPWLRYAEWLLTCPVILIHLSNITGLSEAYNKRTMALLVSCVGMIVFGMAAGLATDWLKWLLYIVSCIYGGYMYFQAAKCYVEANHSVPKGHCRMVVKLMAYAYFASWGSYPILWAVGPEGLLKLSVYGSTVGHTIIDLMSKNCWGLLGHYLRVLIHEHIIMYGDIRRPVSSQFLGRKVDVLAFVTEEDKV,-7.121316080640148,0
MSRLVAASWLLALLLCGITSTTTASAHIVMVDAYKPTKSAPAASSTDGTAAAAVSHYAMNGFDELAKGAVVPEDHFVCGPADKCYCSAWLHSRGTNAEKLAANILQWIAFSIAIALLTFYGFSAWKATCGWEEVYVCCVEVLFVTLEIFKEFSEPAVIYSSNGNKTVWLRYAEWLLTCPVILIHLSNITGLSEAYNKRTMALLVSCVGMIVFGMAAGLATDWLKWLLYIVSCIYGGYMYFQAAKCYVEAYHTVPKGRCRQVVTGMAWLFFVSWGMFPILFILGPEGFGVLSVAGSTIGHTIADLLSKNIWGLLGHFLRIKIHEHIIMYGDIRRPVSSQFLGRKVDVLAFVTEEDKV,-5.477456019885743,0
MSRRPWLLALALAVALAAGSAGAAHIVMVDAYKPTKSTGSDATVPVATQDGPDYVFHRAHERMLFQTSYTLENNGSVICIPNNGQCFCLAWLKSNGALWEQETARGFQWFAFSIAIALLTFYGFSAWKATCGWEEVYVCCVEVLFVTLEIFKEFSSPATVYLSTGNHAYCLRYFEWLLTCPVILIHLSNLTGLANDYNKRTMGLLVSCVGMIVFGMAAGLATDWLKWLLYIVSCIYGGYMYFQAAKCYVESYYIMPAGGCKKLVLAMTAVYYSSWGMFPILFILGPEGFGVLSPYANSIGHSICDIIAKEFWTFLAHHLRIKIHEHIIMYGDIRRPVSSQFLGRKVDVLAFVTEEDKV,-4.340049860624873,0
MSRRPWLLALALAVALAAGSAGAAHIVMVDAYKPTKSTGSDATVPVATQDGPDYVFHRAHERMLFQTSYTLENNGSVICIPNNGQCFCLAWLKSNGTPGEKIGAQVCQWIAVFLSALFLAFYGWHAYKASVGWEEVYVCSVELIKVILEIYFEFTSPAMLFLYGGNITPWLRYAEWLLSCPVILIRLSNLSGLKNDYSKRTMGLIVSCVGMIVFGMAAGLATDWLKWLLYIVSCIYGGYMYFQAAKCYVESYYIMPAGGCKKLVLAMTAVYYSSWGSYPILWAVGPEGLLKLSVAGSTIGHTIADLLSKNIWGLLGHFLRIKIHEHIIMYGDIRRPVSSQFLGRKVDVLAFVTEEDKV,-6.969794378455091,0
MSRLVAASWLLALLLCGITSTTTASAHIVMVDAYKPTKSAPAASSTDGTAAAAVSHYAMNGFDELAKGAVVPEDHFVCGPADKCYCSAWLHSRGTPGEKIGAQVCQWIAFSIAIALLTFYGFSAWKATCGWEEVYVCCVEVLFVTLEIFKEFSSPATVYLSGGNHAYCLRYFEWLLSCPVILIRLSNITGLANDYNKRTMGLIVSCVGMIVFGMAAGLATGWVKWLFYCIGLVYGIYTFFNAAKVYIESYYIMPKGRCRQVVTGMAWLFFVSWGSYPGLFIFGPEGMHTLSPYANSIGHSICDIIAKEFWTFLAHYLRVLIHEHIIMYGDIRRPVSSQFLGRKVDVLAFVTEEDKV,-4.72181656291134,0
MSRLVAASWLLALLLCGITSTTTASAHIVMVDAYKPTKSAPAASSTDGTAAAAVSHYAMNGFDELAKGAVVPEDHFVCGPADKCYCSAWLHSRGALWEQETARGFQWFAFSIAIALLTFYGFSAWKATCGWEEVYVCCVEVLFVTLEIFKEFSSPAMLFLYGGNITPWLRYAEWLLTCPVILIHLSNLTGLANDYNKRTMGLLVSCVGMIVFGMAAGLATDWLKWLLYIVSCIYGGYMYFQAAKCYVEAYHTVPKGRCRQVVTGMAWLFFVSWGSYPILWAVGPEGLLKLSVAGSTIGHTIADLLSKNIWGLLGHFLRIKIHEHILIHGDIRKTTKLNIGGTEIEVETLVEDEAEAGAV,-6.107021603142809,0
MSRRPWLLALALAVALAAGSAGAAHIVMVDAYKPTKSTGSDATVPVATQDGPDYVFHRAHERMLFQTSYTLENNGSVICIPNNGQCFCLAWLKSNGTPGEKIGAQVCQWITFALSALCLMFYGYQTWKSTCGWEEIYVATIEMIKFIIEYFHEFDSPAMLFLYGGNITPWLRYAEWLLTCPVILIHLSNITGLSEAYNKRTMALLVSDLGTICMGVTAALATGWVKWLFYCIGLVYGTQTFYNAGIIYVEAYHTVPKGRCRQVVTGMAWLFFVSWGMFPILFILGPEGFGVLSVAGSTIGHTIADLLSKNIWGLLGHFLRIKIHEHILIHGDIRKTTKLNIGGTEIEVETLVEDEAEAGAV,-4.040097249792159,0
MSRLVAASWLLALLLCGITSTTTASAHIVMVDAYKPTKSAPAASSTDGTAAAAVSHYAMNGFDELAKGAVVPEDHFVCGPADKCYCSAWLHSRGALWEQETARGFQWFAVFLSALFLAFYGWHAYKASVGWEEVYVCSVELIKVILEIYFEFTSPATVYLSTGNHAYWLRYAEWLLTCPVILIHLSNITGLSEAYNKRTMGLLVSDLGTICMGVTAALATDWLKWLLYIVSCIYGIYTFFNAAKVYIESYYIMPAGGCKKLVLAMTAVYYSSWLMFPILWAVGPEGLLKLSVAGSTIGHTIADLLSKNIWGLLGHFLRIKIHEHIIMYGDIRRPVSSQFLGRKVDVLAFVTEEDKV,-7.644636157990131,0
MSRLVAASWLLALLLCGITSTTTASAHIVMVDAYKPTKSAPAASSTDGTAAAAVSHYAMNGFDELAKGAVVPEDHFVCGPADKCYCSAWLHSRGALWEQETARGFQWFTFALSALCLMFYGYQTWKSTCGWEEIYVATIEMIKFIIEYFHEFDEPAVIYSSNGNKTVWLRYAEWLLSCPVILIRLSNLSGLKNDYSKRTMGLIVSCVGMIVFGMAAGLATDWLKWLLYIVSCIYGGYMYFQAAKCYVEAYHTVPKGRCRQVVTGMAWLFFVSWGSYPILWAVGPEGLLKLSPYANSIGHSICDIIAKEFWTFLAHHLRIKIHEHIIMYGDIRRPVSSQFLGRKVDVLAFVTEEDKV,-6.601103781309464,0
MSRLVAASWLLALLLCGITSTTTASAHIVMVDAYKPTKSAPAASSTDGTAAAAVSHYAMNGFDELAKGAVVPEDHFVCGPADKCYCSAWLHSRGTPGEKIGAQVCQWIAFSIAIALLTFYGYQTWKSTCGWEEIYVATIEMIKFIIEYFHEFDSPATVYLSNGNHAYCLRYFEWLLTCPVILIRLSNLTGLSEAYNKRTMGLIVSCVGMIVFGMAAGLSKGYVRVIFFLMGLCYGGYMYFQAAKCYVEAYHTVPAGGCKKLVLAMTAVYYSSWLSYPGLFIFGPEGMHTLSPYANSIGHSICDIIAKEFWTFLAHFLRIKIHEHILIHGDIRKTTKLNIGGTEIEVETLVEDEAEAGAV,-4.871173881568278,0
MSRRPWLLALALAVALAAGSAGAAHIVMVDAYKPTKSTGSDATVPVATQDGPDYVFHRAHERMLFQTSYTLENNGSVICIPNNGQCFCLAWLKSNGALWEQETARGFQWFAFFLSALFLAFYGFSAWKATCGWEEVYVCCVEVLFVTLEIFKEFSEPAVIYSSGGNKTVWLRYAEWLLSCPVILIHLSNITGLSEAYNKRTMGLLVSDIGTIVWGTTAALATGWVKWLFYCIGLVYGGYMYFQAAKCYVESYYIMPAGGCKKLVLAMTAVYYSSWLMFPILWAVGPEGLLKLSVAGSTIGHTIADLLSKNIWGLLGHFLRIKIHEHIIMYGDIRRPVSSQFLGRKVDVLAFVTEEDKV,-6.8444229718282426,0
MSRRPWLLALALAVALAAGSAGAAHIVMVDAYKPTKSTGSDATVPVATQDGPDYVFHRAHERMLFQTSYTLENNGSVICIPNNGQCFCLAWLKSNGALWEQETARGFQWFTFALSALCLMFYGYQTWKSTCGWEEIYVATIEMIKFIIEYFHEFDSPATVYLSTGNHAYCLRYFEWLLTCPVILIHLSNITGLSEAYNKRTMALLVSCVGMIVFGMAAGLATDWLKWLLYIVSCIYGGYMYFQAAKCYVEAYHTVPKGRCRQVVTGMAWLFFVSWLMFPGLFIFGPEGMHTLSVAGSTIGHTIADLLSKNIWGLLGHFLRIKIHEHILIHGDIRKTTKMEIGGEEVEVEEFVEEEDEDTV,-5.813377959587455,0
MSRLVAASWLLALLLCGITSTTTASAHIVMVDAYKPTKSAPAASSTDGTAAAAVSHYAMNGFDELAKGAVVPEDHFVCGPADKCYCSAWLHSRGALWEQETARGFQWFTFALSALCLMFYGYQTWKSTCGWEEIYVATIEMIKFIIEYFHEFDSPATVYLSTGNHAYCLRYFEWLLTCPVILIHLSNITGLSEAYNKRTMALLVSDLGTICMGVTAALATGWVKWLFYCIGLVYGTQTFYNAGIIYVESYYIMPAGGCKKLVLAMTAVYYSSWGSYPILWAVGPEGLLKLSVAGSTIGHTIADLLSKNIWGLLGHFLRIKIHEHIIMYGDIRRPVSSQFLGRKVDVLAFVTEEDKV,-7.5128237515913465,0
MSRLVAASWLLALLLCGITSTTTASAHIVMVDAYKPTKSAPAASSTDGTAAAAVSHYAMNGFDELAKGAVVPEDHFVCGPADKCYCSAWLHSRGALWEQETARGFQWFAFSIAIALLTFYGFSAWKATCGWEEVYVCCVEVLFVTLEIFKEFSSPATVYLSTGNHAYCLRYFEWLLSCPVILIRLSNLSGLKNDYSKRTMGLIVSCVGMIVFGMAAGLATDWLKWLLYIVSCIYGGYMYFQAAKCYVEAYHTVPKGRCRQVVTGMAWLFFVSWLMFPGLFIFGPEGMHTLSVYGSTVGHTIIDLMSKNCWGLLGHYLRVLIHEHIIMYGDIRRPVSSQFLGRKVDVLAFVTEEDKV,-6.926741159901643,0
MSRLVAASWLLALLLCGITSTTTASAHIVMVDAYKPTKSAPAASSTDGTAAAAVSHYAMNGFDELAKGAVVPEDHFVCGPADKCYCSAWLHSRGTPGEKIGAQVCQWIAVFLSALFLAFYGWHAYKASVGWEEVYVCSVELIKVILEIYFEFTSPATVYLSTGNHAYCLRYFEWLLTCPVILIHLSNLTGLANDYNKRTMGLLVSCVGMIVFGMAAGLATDWLKWLLYIVSCIYGGYMYFQAAKCYVEAYHTVPKGRCRQVVTGMAWLFFVSWGMFPILFILGPEGFGVLSPYANSIGHSICDIIAKEFWTFLAHHLRIKIHEHIIMYGDIRRPVSSQFLGRKVDVLAFVTEEDKV,-5.339031826467012,0
MSRLVAASWLLALLLCGITSTTTASAHIVMVDAYKPTKSAPAASSTDGTAAAAVSHYAMNGFDELAKGAVVPEDHFVCGPADKCYCSAWLHSRGALWEQETARGFQWFAFFLSALFLAFYGYQTWKSTCGWEEIYVATIEMIKFIIEYFHEFDSPATVYLSTGNHAYCLRYFEWLLTCPVILIHLSNITGLSEAYNKRTMALIVSCVGMIVFGMAAGLATDWLKWLLYIVSCIYGTQTFYNAGIIYVESYYIMPKGRCRQVVTGMAWLFFVSWGMFPILFILGPEGFGVLSVAGSTIGHTIADLLSKNIWGLLGHYLRVLIHEHIIMYGDIRRPVSSQFLGRKVDVLAFVTEEDKV,-5.326405663918352,0
MSRLVAASWLLALLLCGITSTTTASAHIVMVDAYKPTKSAPAASSTDGTAAAAVSHYAMNGFDELAKGAVVPEDHFVCGPADKCYCSAWLHSRGTPGEKIGAQVCQWIAVSIAIALLTFYGWHAYKASVGWEEVYVCSVELIKVILEIYFEFTSPATVYLSNGNHAYCLRYFEWLLTCPVILIRLSNITGLANDYNKRTMGLIVSCVGMIVFGMAAGLSKGYVRVIFFLMGLCYGGYMYFQAAKCYVESYYIMPKGHCRMVVKLMAYAYFASWGSYPILWAVGPEGLLKLSPYANSIGHSICDIIAKEFWTFLAHHLRIKIHEHIIMYGDIRRPVSSQFLGRKVDVLAFVTEEDKV,-5.345308323514202,0
MGGAPAPDAHSAPPGNDSAAHIVMVDAYKPTKGGSEYHAPAGYQVNPPYHPVHGYEEQCSSIYIYYGTPGEKIGAQVCQWIAVFLSALFLAFYGWHAYKASVGWEEVYVCSVELIKVILEIYFEFTEPAVIYSSNGNKTVWLRYAEWLLSCPVILIRLSNLSGLKNDYSKRTMGLIVSDLGTICMGVTAALATGWVKWLFYCIGLVYGTQTFYNAGIIYVESYYIMPAGGCKKLVLAMTAVYYSSWGMFPILFILGPEGFGVLSVAGSTIGHTIADLLSKNIWGLLGHFLRIKIHEHIIMYGDIRRPVSSQFLGRKVDVLAFVTEEDKV,-7.412850678006673,0
MSRLVAASWLLALLLCGITSTTTASAHIVMVDAYKPTKSAPAASSTDGTAAAAVSHYAMNGFDELAKGAVVPEDHFVCGPADKCYCSAWLHSRGTNAEKLAANILQWIAFSIAIALLTFYGFSAWKATCGWEEVYVCCVEVLFVTLEIFKEFSEPAVIYSSNGNKTVWLRYAEWLLTCPVILIHLSNLTGLANDYNKRTMGLLVSCVGMIVFGMAAGLATDWLKWLLYIVSCIYGGYMYFQAAKCYVEANHSVPKGHCRMVVKLMAYAYFASWGSYPILWAVGPEGLLKLSVAGSTIGHTIADLLSKNIWGLLGHFLRIKIHEHILIHGDIRKTTKMEIGGEEVEVEEFVEEEDEDTV,-7.874339064617118,0
MSRLVAASWLLALLLCGITSTTTASAHIVMVDAYKPTKSAPAASSTDGTAAAAVSHYAMNGFDELAKGAVVPEDHFVCGPADKCYCSAWLHSRGTPGEKIGAQVCQWIAFSIAIALLTFYGYQTWKSTCGWEEIYVATIEMIKFIIEYFHEFDSPATVYLSTGNHAYWLRYAEWLLTCPVILIRLSNLSGLSEAYNKRTMGLLVSDLGTICMGVTAALATDWLKWLLYIVSCIYGIYTFFNAAKVYIEANHSVPKGHCRMVVKLMAYAYFASWGSYPILWAVGPEGLLKLSPYANSIGHSICDIIAKEFWTFLAHHLRIKIHEHILIHGDIRKTTKMEIGGEEVEVEEFVEEEDEDTV,-7.448598078099795,0
MGGAPAPDAHSAPPGNDSAAHIVMVDAYKPTKGGSEYHAPAGYQVNPPYHPVHGYEEQCSSIYIYYGALWEQETARGFQWFAFFLSALFLAFYGFSAWKATCGWEEVYVCCVEVLFVTLEIFKEFSSPAMLFLYGGNITPWLRYAEWLLSCPVILIHLSNITGLSEAYNKRTMGLLVSDLGTICMGVTAALATGWVKWLFYCIGLVYGGYMYFQAAKCYVESYYIMPKGHCRMVVKLMAYAYFASWGMFPGLFIFGPEGMHTLSVAGSTIGHTIADLLSKNIWGLLGHHLRIKIHEHIIMYGDIRRPVSSQFLGRKVDVLAFVTEEDKV,,0
MSRLVAASWLLALLLCGITSTTTASAHIVMVDAYKPTKSAPAASSTDGTAAAAVSHYAMNGFDELAKGAVVPEDHFVCGPADKCYCSAWLHSRGTPGEKIGAQVCQWIAFSIAIALLTFYGFSAWKATCGWEEVYVCCVEVLFVTLEIFKEFSSPATVYLSGGNHAYCLRYFEWLLSCPVILIRLSNLSGLSEAYNKRTMGLIVSCVGMIVFGMAAGLATGWVKWLFYCIGLVYGIYTFFNAAKVYIEANHSVPKGRCRQVVTGMAWLFFVSWGSYPILFILGPEGFGVLSPYANSIGHSICDIIAKEFWTFLAHYLRVLIHEHILIHGDIRKTTKMEIGGEEVEVEEFVEEEDEDTV,-4.0881952482539825,0
MSRRPWLLALALAVALAAGSAGAAHIVMVDAYKPTKSTGSDATVPVATQDGPDYVFHRAHERMLFQTSYTLENNGSVICIPNNGQCFCLAWLKSNGTPGEKIGAQVCQWITFALSALCLMFYGYQTWKSTCGWEEIYVATIEMIKFIIEYFHEFDSPAMLFLYGGNITPWLRYAEWLLTCPVILIHLSNLTGLANDYNKRTMGLLVSDIGTIVWGTTAALSKGYVRVIFFLMGLCYGIYTFFNAAKVYIEANHSVPKGHCRMVVKLMAYAYFASWLMFPGLFIFGPEGMHTLSVYGSTVGHTIIDLMSKNCWGLLGHYLRVLIHEHILIHGDIRKTTKMEIGGEEVEVEEFVEEEDEDTV,-6.724658769791372,0
MSRLVAASWLLALLLCGITSTTTASAHIVMVDAYKPTKSAPAASSTDGTAAAAVSHYAMNGFDELAKGAVVPEDHFVCGPADKCYCSAWLHSRGTPGEKIGAQVCQWIAFSIAIALLTFYGFSAWKATCGWEEVYVCCVEVLFVTLEIFKEFSSPATVYLSTGNHAYWLRYAEWLLSCPVILIRLSNLTGLANDYNKRTMALLVSDIGTIVWGTTAALATDWLKWLLYIVSCIYGTQTFYNAGIIYVEAYHTVPKGHCRMVVKLMAYAYFASWGSYPGLFIFGPEGMHTLSPYANSIGHSICDIIAKEFWTFLAHHLRIKIHEHILIHGDIRKTTKLNIGGTEIEVETLVEDEAEAGAV,-7.334007950928568,0
MSRLVAASWLLALLLCGITSTTTASAHIVMVDAYKPTKSAPAASSTDGTAAAAVSHYAMNGFDELAKGAVVPEDHFVCGPADKCYCSAWLHSRGALWEQETARGFQWFAFSIAIALLTFYGFSAWKATCGWEEVYVCCVEVLFVTLEIFKEFSSPAMLFLYGGNITPWLRYAEWLLSCPVILIRLSNLSGLKNDYSKRTMGLIVSCVGMIVFGMAAGLATDWLKWLLYIVSCIYGGYMYFQAAKCYVEANHSVPKGHCRMVVKLMAYAYFASWGMFPILFILGPEGFGVLSPYANSIGHSICDIIAKEFWTFLAHHLRIKIHEHILIHGDIRKTTKLNIGGTEIEVETLVEDEAEAGAV,-5.218809117262096,0
MGGAPAPDAHSAPPGNDSAAHIVMVDAYKPTKGGSEYHAPAGYQVNPPYHPVHGYEEQCSSIYIYYGALWEQETARGFQWFAVFLSALFLAFYGWHAYKASVGWEEVYVCSVELIKVILEIYFEFTSPATVYLSTGNHAYCLRYFEWLLTCPVILIHLSNLTGLANDYNKRTMGLLVSDLGTICMGVTAALATGWVKWLFYCIGLVYGTQTFYNAGIIYVESYYIMPAGGCKKLVLAMTAVYYSSWGSYPILWAVGPEGLLKLSVYGSTVGHTIIDLMSKNCWGLLGHYLRVLIHEHIIMYGDIRRPVSSQFLGRKVDVLAFVTEEDKV,,0
MGGAPAPDAHSAPPGNDSAAHIVMVDAYKPTKGGSEYHAPAGYQVNPPYHPVHGYEEQCSSIYIYYGTNAEKLAANILQWITVALSALCLMFYGWHAYKASVGWEEVYVCSVELIKVILEIYFEFTSPAMLFLYGGNITPWLRYAEWLLTCPVILIHLSNITGLSEAYNKRTMGLLVSDIGTIVWGTTAALATGWVKWLFYCIGLVYGIYTFFNAAKVYIESYYIMPAGGCKKLVLAMTAVYYSSWLMFPILWAVGPEGLLKLSVYGSTVGHTIIDLMSKNCWGLLGHFLRIKIHEHIIMYGDIRRPVSSQFLGRKVDVLAFVTEEDKV,-6.390606369080943,0
MGGAPAPDAHSAPPGNDSAAHIVMVDAYKPTKGGSEYHAPAGYQVNPPYHPVHGYEEQCSSIYIYYGALWEQETARGFQWFAVFLSALFLAFYGWHAYKASVGWEEVYVCSVELIKVILEIYFEFTSPAMLFLYTGNITPCLRYFEWLLTCPVILIHLSNITGLSEAYNKRTMALIVSCVGMIVFGMAAGLATDWLKWLLYIVSCIYGTQTFYNAGIIYVESYYIMPKGHCRMVVKLMAYAYFASWGMFPILFILGPEGFGVLSVAGSTIGHTIADLLSKNIWGLLGHHLRIKIHEHIIMYGDIRRPVSSQFLGRKVDVLAFVTEEDKV,-5.565961069145386,0
MSRRPWLLALALAVALAAGSAGAAHIVMVDAYKPTKSTGSDATVPVATQDGPDYVFHRAHERMLFQTSYTLENNGSVICIPNNGQCFCLAWLKSNGALWEQETARGFQWFTFALSALCLMFYGYQTWKSTCGWEEIYVATIEMIKFIIEYFHEFDEPAVIYSSNGNKTVWLRYAEWLLTCPVILIHLSNITGLSEAYNKRTMALLVSDIGTIVWGTTAALSKGYVRVIFFLMGLCYGIYTFFNAAKVYIESYYIMPAGGCKKLVLAMTAVYYSSWGMFPILFILGPEGFGVLSVYGSTVGHTIIDLMSKNCWGLLGHYLRVLIHEHILIHGDIRKTTKMEIGGEEVEVEEFVEEEDEDTV,-6.942655461209572,0
MSRRPWLLALALAVALAAGSAGAAHIVMVDAYKPTKSTGSDATVPVATQDGPDYVFHRAHERMLFQTSYTLENNGSVICIPNNGQCFCLAWLKSNGTNAEKLAANILQWITFALSALCLMFYGFSAWKATCGWEEVYVCCVEVLFVTLEIFKEFSEPAVIYSSNGNKTVWLRYAEWLLSCPVILIHLSNLTGLSEAYNKRTMALLVSDLGTICMGVTAALSKGYVRVIFFLMGLCYGTQTFYNAGIIYVEAYHTVPKGRCRQVVTGMAWLFFVSWGMFPILWAVGPEGLLKLSVYGSTVGHTIIDLMSKNCWGLLGHYLRVLIHEHILIHGDIRKTTKLNIGGTEIEVETLVEDEAEAGAV,-7.196744445638808,0
MGGAPAPDAHSAPPGNDSAAHIVMVDAYKPTKGGSEYHAPAGYQVNPPYHPVHGYEEQCSSIYIYYGALWEQETARGFQWFAVFLSALFLAFYGWHAYKASVGWEEVYVCSVELIKVILEIYFEFTSPAMLFLYTGNITPWLRYAEWLLTCPVILIHLSNITGLKNDYSKRTMGLLVSDLGTICMGVTAALATDWLKWLLYIVSCIYGIYTFFNAAKVYIESYYIMPKGRCRQVVTGMAWLFFVSWGMFPGLFIFGPEGMHTLSVAGSTIGHTIADLLSKNIWGLLGHYLRVLIHEHIIMYGDIRRPVSSQFLGRKVDVLAFVTEEDKV,-7.251058911469951,0
MSRLVAASWLLALLLCGITSTTTASAHIVMVDAYKPTKSAPAASSTDGTAAAAVSHYAMNGFDELAKGAVVPEDHFVCGPADKCYCSAWLHSRGTNAEKLAANILQWIAFSIAIALLTFYGFSAWKATCGWEEVYVCCVEVLFVTLEIFKEFSSPATVYLSTGNHAYCLRYFEWLLSCPVILIRLSNLSGLKNDYSKRTMGLIVSCVGMIVFGMAAGLATDWLKWLLYIVSCIYGGYMYFQAAKCYVESYYIMPAGGCKKLVLAMTAVYYSSWLMFPGLFIFGPEGMHTLSPYANSIGHSICDIIAKEFWTFLAHHLRIKIHEHILIHGDIRKTTKMEIGGEEVEVEEFVEEEDEDTV,-4.308443704891928,0
MGGAPAPDAHSAPPGNDSAAHIVMVDAYKPTKGGSEYHAPAGYQVNPPYHPVHGYEEQCSSIYIYYGTNAEKLAANILQWIAVFLSALFLAFYGWHAYKASVGWEEVYVCSVELIKVILEIYFEFTSPATVYLSTGNHAYCLRYFEWLLTCPVILIHLSNITGLSEAYNKRTMALLVSDLGTICMGVTAALATGWVKWLFYCIGLVYGTQTFYNAGIIYVEANHSVPKGHCRMVVKLMAYAYFASWLMFPGLFIFGPEGMHTLSVAGSTIGHTIADLLSKNIWGLLGHFLRIKIHEHIIMYGDIRRPVSSQFLGRKVDVLAFVTEEDKV,-7.7527305527290675,0
MSRLVAASWLLALLLCGITSTTTASAHIVMVDAYKPTKSAPAASSTDGTAAAAVSHYAMNGFDELAKGAVVPEDHFVCGPADKCYCSAWLHSRGTNAEKLAANILQWIAVFLSALFLAFYGWHAYKASVGWEEVYVCSVELIKVILEIYFEFTEPAVIYSSNGNKTVWLRYAEWLLSCPVILIRLSNLSGLKNDYSKRTMGLIVSCVGMIVFGMAAGLATDWLKWLLYIVSCIYGGYMYFQAAKCYVEANHSVPKGHCRMVVKLMAYAYFASWGSYPILWAVGPEGLLKLSPYANSIGHSICDIIAKEFWTFLAHHLRIKIHEHILIHGDIRKTTKMEIGGEEVEVEEFVEEEDEDTV,-6.800648200608334,0
MSRLVAASWLLALLLCGITSTTTASAHIVMVDAYKPTKSAPAASSTDGTAAAAVSHYAMNGFDELAKGAVVPEDHFVCGPADKCYCSAWLHSRGTPGEKIGAQVCQWIAFSIAIALLTFYGYQTWKSTCGWEEIYVATIEMIKFIIEYFHEFDSPATVYLSTGNHAYCLRYFEWLLTCPVILIRLSNITGLANDYNKRTMGLIVSCVGMIVFGMAAGLATDWLKWLLYIVSCIYGGYMYFQAAKCYVESYYIMPKGHCRMVVKLMAYAYFASWGSYPILFILGPEGFGVLSPYANSIGHSICDIIAKEFWTFLAHHLRIKIHEHIIMYGDIRRPVSSQFLGRKVDVLAFVTEEDKV,-4.418679342702412,0
MSRLVAASWLLALLLCGITSTTTASAHIVMVDAYKPTKSAPAASSTDGTAAAAVSHYAMNGFDELAKGAVVPEDHFVCGPADKCYCSAWLHSRGTPGEKIGAQVCQWIAFSIAIALLTFYGFSAWKATCGWEEVYVCCVEVLFVTLEIFKEFSSPATVYLSTGNHAYCLRYFEWLLSCPVILIRLSNLSGLKNDYSKRTMGLIVSCVGMIVFGMAAGLATDWLKWLLYIVSCIYGGYMYFQAAKCYVESYYIMPAGGCKKLVLAMTAVYYSSWGMFPILFILGPEGFGVLSPYANSIGHSICDIIAKEFWTFLAHHLRIKIHEHIIMYGDIRRPVSSQFLGRKVDVLAFVTEEDKV,-4.606670807697861,0
MSRLVAASWLLALLLCGITSTTTASAHIVMVDAYKPTKSAPAASSTDGTAAAAVSHYAMNGFDELAKGAVVPEDHFVCGPADKCYCSAWLHSRGTPGEKIGAQVCQWIAFSIAIALLTFYGYQTWKSTCGWEEIYVATIEMIKFIIEYFHEFDSPATVYLSGGNHAYCLRYFEWLLTCPVILIRLSNLTGLANDYNKRTMGLIVSCVGMIVFGMAAGLATGWVKWLFYCIGLVYGGYMYFQAAKCYVEAYHTVPKGHCRMVVKLMAYAYFASWGSYPILFILGPEGFGVLSPYANSIGHSICDIIAKEFWTFLAHHLRIKIHEHILIHGDIRKTTKLNIGGTEIEVETLVEDEAEAGAV,-4.148785252262823,0
MSRRPWLLALALAVALAAGSAGAAHIVMVDAYKPTKSTGSDATVPVATQDGPDYVFHRAHERMLFQTSYTLENNGSVICIPNNGQCFCLAWLKSNGTNAEKLAANILQWIAFSIAIALLTFYGFSAWKATCGWEEVYVCCVEVLFVTLEIFKEFSSPATVYLSTGNHAYCLRYFEWLLSCPVILIRLSNLSGLKNDYSKRTMGLIVSCVGMIVFGMAAGLATDWLKWLLYIVSCIYGGYMYFQAAKCYVEANHSVPKGHCRMVVKLMAYAYFASWGSYPILWAVGPEGLLKLSPYANSIGHSICDIIAKEFWTFLAHHLRIKIHEHILIHGDIRKTTKMEIGGEEVEVEEFVEEEDEDTV,-3.958357370465748,0
